product_title,product_rating,total_reviews,purchased_last_month,discounted_price,original_price,is_best_seller,is_sponsored,has_coupon,buy_box_availability,delivery_date,sustainability_tags,product_image_url,product_page_url,data_collected_at,product_category,discount_percentage
"BOYA BOYALINK 2 Wireless Lavalier Microphone for iPhone Camera Android, Mini Lapel Micophone Wireless, 48 KHz 24 Bit, 6mm Mic, 1000ft, 30h Use, Noise Cancelling, Clip on Mic USB-C/Lightning/3.5mm TRS",4.6,375.0,300,89.68,159.0,No Badge,Sponsored,Save 15%  with coupon,Add to cart,2025-09-01,Carbon impact,https://m.media-amazon.com/images/I/71pAqiVEs3L._AC_UL320_.jpg,https://www.amazon.com/sspa/click?ie=UTF8&spc=MTo4NzEzNDY2NTQ5NDYxNDQ2OjE3NTU4MDAwNjg6c3BfYXRmX2Jyb3dzZTozMDA2NzE0NTMwMTcyMDI6OjA6Og&url=%2FBOYA-BOYALINK-Microphone-Micophone-Cancelling%2Fdp%2FB0DNZB7TQG%2Fref%3Dsr_1_1_sspa%3Fdib%3DeyJ2IjoiMSJ9.avmZlHCQuVOwikquBqYSIjN8SVcyxtkXHQMPt7Zjzkf4TeZzrZfQETMhdWuWgtTrVz8ITKpXLHvZj0fZRjxqgMPYNMitRqeUoeIwdYfc5nnzJ8m0T8HYeedlh3YSOhJQjeHskevMUQWyg6TtoB2tHcHt-edYPsQ6VwFQTI6avsPrgVpFKrto3ff9TDR9BcRyPwM6AiYn-vh7wA5PP9DjZddhCPf7bVPcHMZ6Hwd40dQDWm9_M8R-LcwKY8wnuWRUSplhfYJBvTjAgsb3Y3y88VGpfqY3V8Rd2ge-woBzUMA.yqwi-krmElGgXIMa8kKUPx1XmaXd9lHaAkMkVVpStxo%26dib_tag%3Dse%26qid%3D1755800068%26refinements%3Dp_n_g-101014971069111%253A119653281011%26s%3Delectronics%26sr%3D1-1-spons%26sp_csd%3Dd2lkZ2V0TmFtZT1zcF9hdGZfYnJvd3Nl%26psc%3D1,2025-08-21 11:14:29,Phones,43.6
"LISEN USB C to Lightning Cable, 240W 4 in 1 Charging Cable 6.6FT, Chubby USB A/C to C/Lightning with Light for iPhone 16e 15 14 Pro/MacBook Air 17/iPad/Samsung/Switch 2, Multi Chargers for All Devices",4.3,2457.0,6000,9.99,15.99,No Badge,Sponsored,No Coupon,Add to cart,2025-08-29,,https://m.media-amazon.com/images/I/61nbF6aVIPL._AC_UL320_.jpg,https://www.amazon.com/sspa/click?ie=UTF8&spc=MTo4NzEzNDY2NTQ5NDYxNDQ2OjE3NTU4MDAwNjg6c3BfYXRmX2Jyb3dzZTozMDA4NjA2Mzc2NDIxMDI6OjA6Og&url=%2FLISEN-Charging-Lighting-MacBook-Chargers%2Fdp%2FB0DHWZCZDZ%2Fref%3Dsr_1_2_sspa%3Fdib%3DeyJ2IjoiMSJ9.avmZlHCQuVOwikquBqYSIjN8SVcyxtkXHQMPt7Zjzkf4TeZzrZfQETMhdWuWgtTrVz8ITKpXLHvZj0fZRjxqgMPYNMitRqeUoeIwdYfc5nnzJ8m0T8HYeedlh3YSOhJQjeHskevMUQWyg6TtoB2tHcHt-edYPsQ6VwFQTI6avsPrgVpFKrto3ff9TDR9BcRyPwM6AiYn-vh7wA5PP9DjZddhCPf7bVPcHMZ6Hwd40dQDWm9_M8R-LcwKY8wnuWRUSplhfYJBvTjAgsb3Y3y88VGpfqY3V8Rd2ge-woBzUMA.yqwi-krmElGgXIMa8kKUPx1XmaXd9lHaAkMkVVpStxo%26dib_tag%3Dse%26qid%3D1755800068%26refinements%3Dp_n_g-101014971069111%253A119653281011%26s%3Delectronics%26sr%3D1-2-spons%26sp_csd%3Dd2lkZ2V0TmFtZT1zcF9hdGZfYnJvd3Nl%26psc%3D1,2025-08-21 11:14:29,Laptops,37.52
"DJI Mic 2 (2 TX + 1 RX + Charging Case), Wireless Lavalier Microphone, Intelligent Noise Cancelling, 32-bit Float Internal Recording, 820 ft.(250m) Range, Microphone for iPhone, Android, Camera",4.6,3044.0,2000,314.0,349.0,No Badge,Sponsored,No Coupon,Add to cart,2025-09-01,,https://m.media-amazon.com/images/I/61h78MEXojL._AC_UL320_.jpg,https://www.amazon.com/sspa/click?ie=UTF8&spc=MTo4NzEzNDY2NTQ5NDYxNDQ2OjE3NTU4MDAwNjg6c3BfYXRmX2Jyb3dzZTozMDA4Nzk0NzAxMTk3MDI6OjA6Og&url=%2FDJI-Microphone-Intelligent-Cancelling-Recording%2Fdp%2FB0CFZX734J%2Fref%3Dsr_1_3_sspa%3Fdib%3DeyJ2IjoiMSJ9.avmZlHCQuVOwikquBqYSIjN8SVcyxtkXHQMPt7Zjzkf4TeZzrZfQETMhdWuWgtTrVz8ITKpXLHvZj0fZRjxqgMPYNMitRqeUoeIwdYfc5nnzJ8m0T8HYeedlh3YSOhJQjeHskevMUQWyg6TtoB2tHcHt-edYPsQ6VwFQTI6avsPrgVpFKrto3ff9TDR9BcRyPwM6AiYn-vh7wA5PP9DjZddhCPf7bVPcHMZ6Hwd40dQDWm9_M8R-LcwKY8wnuWRUSplhfYJBvTjAgsb3Y3y88VGpfqY3V8Rd2ge-woBzUMA.yqwi-krmElGgXIMa8kKUPx1XmaXd9lHaAkMkVVpStxo%26dib_tag%3Dse%26qid%3D1755800068%26refinements%3Dp_n_g-101014971069111%253A119653281011%26s%3Delectronics%26sr%3D1-3-spons%26sp_csd%3Dd2lkZ2V0TmFtZT1zcF9hdGZfYnJvd3Nl%26psc%3D1,2025-08-21 11:14:29,Laptops,10.03
"Apple AirPods Pro 2 Wireless Earbuds, Active Noise Cancellation, Hearing Aid Feature, Bluetooth Headphones, Transparency, Personalized Spatial Audio, High-Fidelity Sound, H2 Chip, USB-C Charging",4.6,35882.0,10000,162.24,162.24,Best Seller,Organic,No Coupon,,,,https://m.media-amazon.com/images/I/61SUj2aKoEL._AC_UL320_.jpg,https://www.amazon.com/Apple-Cancellation-Transparency-Personalized-High-Fidelity/dp/B0D1XD1ZV3/ref=sr_1_4?dib=eyJ2IjoiMSJ9.avmZlHCQuVOwikquBqYSIjN8SVcyxtkXHQMPt7Zjzkf4TeZzrZfQETMhdWuWgtTrVz8ITKpXLHvZj0fZRjxqgMPYNMitRqeUoeIwdYfc5nnzJ8m0T8HYeedlh3YSOhJQjeHskevMUQWyg6TtoB2tHcHt-edYPsQ6VwFQTI6avsPrgVpFKrto3ff9TDR9BcRyPwM6AiYn-vh7wA5PP9DjZddhCPf7bVPcHMZ6Hwd40dQDWm9_M8R-LcwKY8wnuWRUSplhfYJBvTjAgsb3Y3y88VGpfqY3V8Rd2ge-woBzUMA.yqwi-krmElGgXIMa8kKUPx1XmaXd9lHaAkMkVVpStxo&dib_tag=se&qid=1755800068&refinements=p_n_g-101014971069111%3A119653281011&s=electronics&sr=1-4,2025-08-21 11:14:29,Phones,0.0
"Apple AirTag 4 Pack. Keep Track of and find Your Keys, Wallet, Luggage, Backpack, and More. Simple one-tap Set up with iPhone or iPad",4.8,28988.0,10000,72.74,72.74,No Badge,Organic,No Coupon,,,,https://m.media-amazon.com/images/I/61bMNCeAUAL._AC_UL320_.jpg,https://www.amazon.com/Apple-MX542LL-A-AirTag-Pack/dp/B0D54JZTHY/ref=sr_1_5?dib=eyJ2IjoiMSJ9.avmZlHCQuVOwikquBqYSIjN8SVcyxtkXHQMPt7Zjzkf4TeZzrZfQETMhdWuWgtTrVz8ITKpXLHvZj0fZRjxqgMPYNMitRqeUoeIwdYfc5nnzJ8m0T8HYeedlh3YSOhJQjeHskevMUQWyg6TtoB2tHcHt-edYPsQ6VwFQTI6avsPrgVpFKrto3ff9TDR9BcRyPwM6AiYn-vh7wA5PP9DjZddhCPf7bVPcHMZ6Hwd40dQDWm9_M8R-LcwKY8wnuWRUSplhfYJBvTjAgsb3Y3y88VGpfqY3V8Rd2ge-woBzUMA.yqwi-krmElGgXIMa8kKUPx1XmaXd9lHaAkMkVVpStxo&dib_tag=se&qid=1755800068&refinements=p_n_g-101014971069111%3A119653281011&s=electronics&sr=1-5,2025-08-21 11:14:29,Phones,0.0
"Texas Instruments TI-84 Plus CE Color Graphing Calculator, Black",4.6,44522.0,100000,99.95,99.95,Best Seller,Organic,No Coupon,,,,https://m.media-amazon.com/images/I/71AyPChhFdL._AC_UL320_.jpg,https://www.amazon.com/Texas-Instruments-TI-84-Graphing-Calculator/dp/B00TFYYWQA/ref=sr_1_6?dib=eyJ2IjoiMSJ9.avmZlHCQuVOwikquBqYSIjN8SVcyxtkXHQMPt7Zjzkf4TeZzrZfQETMhdWuWgtTrVz8ITKpXLHvZj0fZRjxqgMPYNMitRqeUoeIwdYfc5nnzJ8m0T8HYeedlh3YSOhJQjeHskevMUQWyg6TtoB2tHcHt-edYPsQ6VwFQTI6avsPrgVpFKrto3ff9TDR9BcRyPwM6AiYn-vh7wA5PP9DjZddhCPf7bVPcHMZ6Hwd40dQDWm9_M8R-LcwKY8wnuWRUSplhfYJBvTjAgsb3Y3y88VGpfqY3V8Rd2ge-woBzUMA.yqwi-krmElGgXIMa8kKUPx1XmaXd9lHaAkMkVVpStxo&dib_tag=se&qid=1755800068&refinements=p_n_g-101014971069111%3A119653281011&s=electronics&sr=1-6,2025-08-21 11:14:29,Other Electronics,0.0
"Apple AirPods 4 Wireless Earbuds, Bluetooth Headphones, Personalized Spatial Audio, Sweat and Water Resistant, USB-C Charging Case, H2 Chip, Up to 30 Hours of Battery Life, Effortless Setup for iPhone",4.5,13466.0,10000,88.11,88.11,No Badge,Organic,No Coupon,,,,https://m.media-amazon.com/images/I/61iBtxCUabL._AC_UL320_.jpg,https://www.amazon.com/Apple-Bluetooth-Headphones-Personalized-Effortless/dp/B0DGHMNQ5Z/ref=sr_1_7?dib=eyJ2IjoiMSJ9.avmZlHCQuVOwikquBqYSIjN8SVcyxtkXHQMPt7Zjzkf4TeZzrZfQETMhdWuWgtTrVz8ITKpXLHvZj0fZRjxqgMPYNMitRqeUoeIwdYfc5nnzJ8m0T8HYeedlh3YSOhJQjeHskevMUQWyg6TtoB2tHcHt-edYPsQ6VwFQTI6avsPrgVpFKrto3ff9TDR9BcRyPwM6AiYn-vh7wA5PP9DjZddhCPf7bVPcHMZ6Hwd40dQDWm9_M8R-LcwKY8wnuWRUSplhfYJBvTjAgsb3Y3y88VGpfqY3V8Rd2ge-woBzUMA.yqwi-krmElGgXIMa8kKUPx1XmaXd9lHaAkMkVVpStxo&dib_tag=se&qid=1755800068&refinements=p_n_g-101014971069111%3A119653281011&s=electronics&sr=1-7,2025-08-21 11:14:29,Phones,0.0
"Apple AirTag. Keep Track of and find Your Keys, Wallet, Luggage, Backpack, and More. Simple one-tap Set up with iPhone or iPad",4.6,38105.0,10000,23.04,23.04,Best Seller,Organic,No Coupon,,,,https://m.media-amazon.com/images/I/71rP7f78eFL._AC_UL320_.jpg,https://www.amazon.com/Apple-MX532LL-A-AirTag/dp/B0CWXNS552/ref=sr_1_8?dib=eyJ2IjoiMSJ9.avmZlHCQuVOwikquBqYSIjN8SVcyxtkXHQMPt7Zjzkf4TeZzrZfQETMhdWuWgtTrVz8ITKpXLHvZj0fZRjxqgMPYNMitRqeUoeIwdYfc5nnzJ8m0T8HYeedlh3YSOhJQjeHskevMUQWyg6TtoB2tHcHt-edYPsQ6VwFQTI6avsPrgVpFKrto3ff9TDR9BcRyPwM6AiYn-vh7wA5PP9DjZddhCPf7bVPcHMZ6Hwd40dQDWm9_M8R-LcwKY8wnuWRUSplhfYJBvTjAgsb3Y3y88VGpfqY3V8Rd2ge-woBzUMA.yqwi-krmElGgXIMa8kKUPx1XmaXd9lHaAkMkVVpStxo&dib_tag=se&qid=1755800068&refinements=p_n_g-101014971069111%3A119653281011&s=electronics&sr=1-8,2025-08-21 11:14:29,Phones,0.0
Complete Protect: One plan covers all eligible past and future purchases on Amazon,4.0,4380.0,,16.99,16.99,No Badge,Organic,Save 50%  with coupon,,,,https://m.media-amazon.com/images/I/71tZ0n2xP9L._AC_UL320_.jpg,https://www.amazon.com/Asurion-Complete-Protect/dp/B07RZ3LSHM/ref=sr_1_9?dib=eyJ2IjoiMSJ9.avmZlHCQuVOwikquBqYSIjN8SVcyxtkXHQMPt7Zjzkf4TeZzrZfQETMhdWuWgtTrVz8ITKpXLHvZj0fZRjxqgMPYNMitRqeUoeIwdYfc5nnzJ8m0T8HYeedlh3YSOhJQjeHskevMUQWyg6TtoB2tHcHt-edYPsQ6VwFQTI6avsPrgVpFKrto3ff9TDR9BcRyPwM6AiYn-vh7wA5PP9DjZddhCPf7bVPcHMZ6Hwd40dQDWm9_M8R-LcwKY8wnuWRUSplhfYJBvTjAgsb3Y3y88VGpfqY3V8Rd2ge-woBzUMA.yqwi-krmElGgXIMa8kKUPx1XmaXd9lHaAkMkVVpStxo&dib_tag=se&qid=1755800068&refinements=p_n_g-101014971069111%3A119653281011&s=electronics&sr=1-9,2025-08-21 11:14:29,Other Electronics,0.0
"Apple iPad 11-inch: A16 chip, 11-inch Model, Liquid Retina Display, 128GB, Wi-Fi 6, 12MP Front/12MP Back Camera, Touch ID, All-Day Battery Life — Blue",4.7,7308.0,10000,284.05,284.05,Best Seller,Organic,No Coupon,,,Energy efficiency,https://m.media-amazon.com/images/I/61aPY8odPSL._AC_UL320_.jpg,https://www.amazon.com/Apple-iPad-11-inch-Display-All-Day/dp/B0DZ75TN5F/ref=sr_1_10?dib=eyJ2IjoiMSJ9.avmZlHCQuVOwikquBqYSIjN8SVcyxtkXHQMPt7Zjzkf4TeZzrZfQETMhdWuWgtTrVz8ITKpXLHvZj0fZRjxqgMPYNMitRqeUoeIwdYfc5nnzJ8m0T8HYeedlh3YSOhJQjeHskevMUQWyg6TtoB2tHcHt-edYPsQ6VwFQTI6avsPrgVpFKrto3ff9TDR9BcRyPwM6AiYn-vh7wA5PP9DjZddhCPf7bVPcHMZ6Hwd40dQDWm9_M8R-LcwKY8wnuWRUSplhfYJBvTjAgsb3Y3y88VGpfqY3V8Rd2ge-woBzUMA.yqwi-krmElGgXIMa8kKUPx1XmaXd9lHaAkMkVVpStxo&dib_tag=se&qid=1755800068&refinements=p_n_g-101014971069111%3A119653281011&s=electronics&sr=1-10,2025-08-21 11:14:29,Cameras,0.0
"Amazon Basics 48-Pack AA Alkaline High-Performance Batteries, 1.5 Volt, 10-Year Shelf Life",4.7,865598.0,100000,14.99,14.99,Best Seller,Organic,No Coupon,Add to cart,2025-08-29,Safer chemicals +1 more,https://m.media-amazon.com/images/I/81iJ+tnLADL._AC_UL320_.jpg,https://www.amazon.com/AmazonBasics-Performance-Alkaline-Batteries-Count/dp/B00MNV8E0C/ref=sr_1_11?dib=eyJ2IjoiMSJ9.avmZlHCQuVOwikquBqYSIjN8SVcyxtkXHQMPt7Zjzkf4TeZzrZfQETMhdWuWgtTrVz8ITKpXLHvZj0fZRjxqgMPYNMitRqeUoeIwdYfc5nnzJ8m0T8HYeedlh3YSOhJQjeHskevMUQWyg6TtoB2tHcHt-edYPsQ6VwFQTI6avsPrgVpFKrto3ff9TDR9BcRyPwM6AiYn-vh7wA5PP9DjZddhCPf7bVPcHMZ6Hwd40dQDWm9_M8R-LcwKY8wnuWRUSplhfYJBvTjAgsb3Y3y88VGpfqY3V8Rd2ge-woBzUMA.yqwi-krmElGgXIMa8kKUPx1XmaXd9lHaAkMkVVpStxo&dib_tag=se&qid=1755800068&refinements=p_n_g-101014971069111%3A119653281011&s=electronics&sr=1-11,2025-08-21 11:14:29,Laptops,0.0
"Apple 2025 MacBook Air 13-inch Laptop with M4 chip: Built for Apple Intelligence, 13.6-inch Liquid Retina Display, 16GB Unified Memory, 256GB SSD Storage, 12MP Center Stage Camera, Touch ID; Midnight",4.8,1914.0,10000,880.95,880.95,Best Seller,Organic,No Coupon,,,Energy efficiency,https://m.media-amazon.com/images/I/71cWZUr9SVL._AC_UL320_.jpg,https://www.amazon.com/Apple-2025-MacBook-13-inch-Laptop/dp/B0DZD9S5GC/ref=sr_1_12?dib=eyJ2IjoiMSJ9.avmZlHCQuVOwikquBqYSIjN8SVcyxtkXHQMPt7Zjzkf4TeZzrZfQETMhdWuWgtTrVz8ITKpXLHvZj0fZRjxqgMPYNMitRqeUoeIwdYfc5nnzJ8m0T8HYeedlh3YSOhJQjeHskevMUQWyg6TtoB2tHcHt-edYPsQ6VwFQTI6avsPrgVpFKrto3ff9TDR9BcRyPwM6AiYn-vh7wA5PP9DjZddhCPf7bVPcHMZ6Hwd40dQDWm9_M8R-LcwKY8wnuWRUSplhfYJBvTjAgsb3Y3y88VGpfqY3V8Rd2ge-woBzUMA.yqwi-krmElGgXIMa8kKUPx1XmaXd9lHaAkMkVVpStxo&dib_tag=se&qid=1755800068&refinements=p_n_g-101014971069111%3A119653281011&s=electronics&sr=1-12,2025-08-21 11:14:29,Laptops,0.0
Transformers TF-T01 True Wireless Earbuds Wireless Bluetooth 5.4 Ear Buds Deep Bass Sound Earbud with Smart Noise Cancelling Mic IPX5 Waterproof in Ear Earphones for Android iOS Blue Optimus Prime,4.2,152.0,100,29.99,29.99,No Badge,Sponsored,No Coupon,Add to cart,2025-09-01,,https://m.media-amazon.com/images/I/71zKJdiit8L._AC_UL320_.jpg,https://www.amazon.com/sspa/click?ie=UTF8&spc=MTo4NzEzNDY2NTQ5NDYxNDQ2OjE3NTU4MDAwNjg6c3BfbXRmX2Jyb3dzZTozMDA3MDIzNzkyMjUzMDI6OjA6Og&url=%2FTRANSFORMERS-Bluetooth-Headphones-Cancelling-Waterproof%2Fdp%2FB0D4YKVZ2M%2Fref%3Dsr_1_13_sspa%3Fdib%3DeyJ2IjoiMSJ9.avmZlHCQuVOwikquBqYSIjN8SVcyxtkXHQMPt7Zjzkf4TeZzrZfQETMhdWuWgtTrVz8ITKpXLHvZj0fZRjxqgMPYNMitRqeUoeIwdYfc5nnzJ8m0T8HYeedlh3YSOhJQjeHskevMUQWyg6TtoB2tHcHt-edYPsQ6VwFQTI6avsPrgVpFKrto3ff9TDR9BcRyPwM6AiYn-vh7wA5PP9DjZddhCPf7bVPcHMZ6Hwd40dQDWm9_M8R-LcwKY8wnuWRUSplhfYJBvTjAgsb3Y3y88VGpfqY3V8Rd2ge-woBzUMA.yqwi-krmElGgXIMa8kKUPx1XmaXd9lHaAkMkVVpStxo%26dib_tag%3Dse%26qid%3D1755800068%26refinements%3Dp_n_g-101014971069111%253A119653281011%26s%3Delectronics%26sr%3D1-13-spons%26sp_csd%3Dd2lkZ2V0TmFtZT1zcF9tdGZfYnJvd3Nl%26psc%3D1,2025-08-21 11:14:29,Phones,0.0
Seagate IronWolf 12TB NAS Internal Hard Drive HDD – CMR 3.5 Inch SATA 6Gb/s 7200 RPM 256MB Cache for RAID Network Attached Storage (ST12000VNZ008/ST12000VN0008),4.4,12076.0,1000,249.99,249.99,No Badge,Sponsored,No Coupon,Add to cart,2025-09-01,,https://m.media-amazon.com/images/I/71ZNqv54H4L._AC_UL320_.jpg,https://www.amazon.com/sspa/click?ie=UTF8&spc=MTo4NzEzNDY2NTQ5NDYxNDQ2OjE3NTU4MDAwNjg6c3BfbXRmX2Jyb3dzZTozMDAyOTU5NDgyMDExMDI6OjA6Og&url=%2FSeagate-IronWolf-12TB-Internal-Drive%2Fdp%2FB084ZTSMWF%2Fref%3Dsr_1_14_sspa%3Fdib%3DeyJ2IjoiMSJ9.avmZlHCQuVOwikquBqYSIjN8SVcyxtkXHQMPt7Zjzkf4TeZzrZfQETMhdWuWgtTrVz8ITKpXLHvZj0fZRjxqgMPYNMitRqeUoeIwdYfc5nnzJ8m0T8HYeedlh3YSOhJQjeHskevMUQWyg6TtoB2tHcHt-edYPsQ6VwFQTI6avsPrgVpFKrto3ff9TDR9BcRyPwM6AiYn-vh7wA5PP9DjZddhCPf7bVPcHMZ6Hwd40dQDWm9_M8R-LcwKY8wnuWRUSplhfYJBvTjAgsb3Y3y88VGpfqY3V8Rd2ge-woBzUMA.yqwi-krmElGgXIMa8kKUPx1XmaXd9lHaAkMkVVpStxo%26dib_tag%3Dse%26qid%3D1755800068%26refinements%3Dp_n_g-101014971069111%253A119653281011%26s%3Delectronics%26sr%3D1-14-spons%26sp_csd%3Dd2lkZ2V0TmFtZT1zcF9tdGZfYnJvd3Nl%26psc%3D1,2025-08-21 11:14:29,Storage,0.0
"Peak Design Slide Lite Camera Strap, Black, Configurable as a Sling, Neck or Shoulder Strap, Quick Release and Connection, Smooth and Grippy Side, Camera Straps for Photographers, 200 lb Capacity",4.7,7235.0,500,69.95,69.95,No Badge,Sponsored,No Coupon,Add to cart,2025-08-29,Small Business,https://m.media-amazon.com/images/I/61wslWB9gBL._AC_UL320_.jpg,https://www.amazon.com/sspa/click?ie=UTF8&spc=MTo4NzEzNDY2NTQ5NDYxNDQ2OjE3NTU4MDAwNjg6c3BfbXRmX2Jyb3dzZTozMDA4MDk4MzU3NTE4MDI6OjA6Og&url=%2FPeak-Design-Slide-Camera-SLL-BK-3%2Fdp%2FB0781RYKTW%2Fref%3Dsr_1_15_sspa%3Fdib%3DeyJ2IjoiMSJ9.avmZlHCQuVOwikquBqYSIjN8SVcyxtkXHQMPt7Zjzkf4TeZzrZfQETMhdWuWgtTrVz8ITKpXLHvZj0fZRjxqgMPYNMitRqeUoeIwdYfc5nnzJ8m0T8HYeedlh3YSOhJQjeHskevMUQWyg6TtoB2tHcHt-edYPsQ6VwFQTI6avsPrgVpFKrto3ff9TDR9BcRyPwM6AiYn-vh7wA5PP9DjZddhCPf7bVPcHMZ6Hwd40dQDWm9_M8R-LcwKY8wnuWRUSplhfYJBvTjAgsb3Y3y88VGpfqY3V8Rd2ge-woBzUMA.yqwi-krmElGgXIMa8kKUPx1XmaXd9lHaAkMkVVpStxo%26dib_tag%3Dse%26qid%3D1755800068%26refinements%3Dp_n_g-101014971069111%253A119653281011%26s%3Delectronics%26sr%3D1-15-spons%26sp_csd%3Dd2lkZ2V0TmFtZT1zcF9tdGZfYnJvd3Nl%26psc%3D1,2025-08-21 11:14:29,Cameras,0.0
"Texas Instruments TI-30XIIS Scientific Calculator, Black with Blue Accents",4.7,48468.0,100000,17.45,17.45,Best Seller,Organic,No Coupon,,,,https://m.media-amazon.com/images/I/5198+fcBR+L._AC_UL320_.jpg,https://www.amazon.com/Texas-Instruments-Scientific-Calculator-Accents/dp/B00000JBNX/ref=sr_1_16?dib=eyJ2IjoiMSJ9.avmZlHCQuVOwikquBqYSIjN8SVcyxtkXHQMPt7Zjzkf4TeZzrZfQETMhdWuWgtTrVz8ITKpXLHvZj0fZRjxqgMPYNMitRqeUoeIwdYfc5nnzJ8m0T8HYeedlh3YSOhJQjeHskevMUQWyg6TtoB2tHcHt-edYPsQ6VwFQTI6avsPrgVpFKrto3ff9TDR9BcRyPwM6AiYn-vh7wA5PP9DjZddhCPf7bVPcHMZ6Hwd40dQDWm9_M8R-LcwKY8wnuWRUSplhfYJBvTjAgsb3Y3y88VGpfqY3V8Rd2ge-woBzUMA.yqwi-krmElGgXIMa8kKUPx1XmaXd9lHaAkMkVVpStxo&dib_tag=se&qid=1755800068&refinements=p_n_g-101014971069111%3A119653281011&s=electronics&sr=1-16,2025-08-21 11:14:29,Other Electronics,0.0
"Amazon Basics Multipurpose Copy Printer Paper, 20 lb, 8.5 x 11 Inches, 8 Reams (4,000 Sheets), 92 Bright, White",4.8,198512.0,80000,39.97,39.97,Best Seller,Organic,No Coupon,Add to cart,2025-09-01,1 sustainability certification,https://m.media-amazon.com/images/I/71QiYj-N8PL._AC_UL320_.jpg,https://www.amazon.com/AmazonBasics-Bright-Multipurpose-Copy-Paper/dp/B07K8WHH5J/ref=sr_1_17?dib=eyJ2IjoiMSJ9.avmZlHCQuVOwikquBqYSIjN8SVcyxtkXHQMPt7Zjzkf4TeZzrZfQETMhdWuWgtTrVz8ITKpXLHvZj0fZRjxqgMPYNMitRqeUoeIwdYfc5nnzJ8m0T8HYeedlh3YSOhJQjeHskevMUQWyg6TtoB2tHcHt-edYPsQ6VwFQTI6avsPrgVpFKrto3ff9TDR9BcRyPwM6AiYn-vh7wA5PP9DjZddhCPf7bVPcHMZ6Hwd40dQDWm9_M8R-LcwKY8wnuWRUSplhfYJBvTjAgsb3Y3y88VGpfqY3V8Rd2ge-woBzUMA.yqwi-krmElGgXIMa8kKUPx1XmaXd9lHaAkMkVVpStxo&dib_tag=se&qid=1755800068&refinements=p_n_g-101014971069111%3A119653281011&s=electronics&sr=1-17,2025-08-21 11:14:29,Printers & Scanners,0.0
"Amazon Basics AAA Alkaline High-Performance Batteries, 1.5 Volt, 10-Year Shelf Life, 36 Count (Pack of 1)",4.7,625776.0,100000,14.49,14.49,Best Seller,Organic,No Coupon,Add to cart,2025-08-29,Safer chemicals +1 more,https://m.media-amazon.com/images/I/81Apg8B6+0L._AC_UL320_.jpg,https://www.amazon.com/Amazon-Basics-AAA-High-Performance-36/dp/B00LH3DMUO/ref=sr_1_18?dib=eyJ2IjoiMSJ9.avmZlHCQuVOwikquBqYSIjN8SVcyxtkXHQMPt7Zjzkf4TeZzrZfQETMhdWuWgtTrVz8ITKpXLHvZj0fZRjxqgMPYNMitRqeUoeIwdYfc5nnzJ8m0T8HYeedlh3YSOhJQjeHskevMUQWyg6TtoB2tHcHt-edYPsQ6VwFQTI6avsPrgVpFKrto3ff9TDR9BcRyPwM6AiYn-vh7wA5PP9DjZddhCPf7bVPcHMZ6Hwd40dQDWm9_M8R-LcwKY8wnuWRUSplhfYJBvTjAgsb3Y3y88VGpfqY3V8Rd2ge-woBzUMA.yqwi-krmElGgXIMa8kKUPx1XmaXd9lHaAkMkVVpStxo&dib_tag=se&qid=1755800068&refinements=p_n_g-101014971069111%3A119653281011&s=electronics&sr=1-18,2025-08-21 11:14:29,Laptops,0.0
"Amazon Basics Clear Thermal Laminating Plastic Paper Laminator Sheets, 9 x 11.5-Inch, 200-Pack, 3mil",4.8,88965.0,100000,16.98,16.98,Best Seller,Organic,No Coupon,Add to cart,2025-08-29,,https://m.media-amazon.com/images/I/61cefAp7H5L._AC_UL320_.jpg,https://www.amazon.com/AmazonBasics-Thermal-Laminating-Plastic-Laminator/dp/B079KL4C91/ref=sr_1_19?dib=eyJ2IjoiMSJ9.avmZlHCQuVOwikquBqYSIjN8SVcyxtkXHQMPt7Zjzkf4TeZzrZfQETMhdWuWgtTrVz8ITKpXLHvZj0fZRjxqgMPYNMitRqeUoeIwdYfc5nnzJ8m0T8HYeedlh3YSOhJQjeHskevMUQWyg6TtoB2tHcHt-edYPsQ6VwFQTI6avsPrgVpFKrto3ff9TDR9BcRyPwM6AiYn-vh7wA5PP9DjZddhCPf7bVPcHMZ6Hwd40dQDWm9_M8R-LcwKY8wnuWRUSplhfYJBvTjAgsb3Y3y88VGpfqY3V8Rd2ge-woBzUMA.yqwi-krmElGgXIMa8kKUPx1XmaXd9lHaAkMkVVpStxo&dib_tag=se&qid=1755800068&refinements=p_n_g-101014971069111%3A119653281011&s=electronics&sr=1-19,2025-08-21 11:14:29,Other Electronics,0.0
"Roku Streaming Stick HD 2025 — HD Streaming Device for TV with Roku Voice Remote, Free & Live TV",4.6,1909.0,10000,33.51,33.51,No Badge,Organic,No Coupon,,,Works with Alexa,https://m.media-amazon.com/images/I/71mye7IQ5jL._AC_UL320_.jpg,https://www.amazon.com/Roku-Streaming-Stick-HD-2025/dp/B0DXXYS4BJ/ref=sr_1_20?dib=eyJ2IjoiMSJ9.avmZlHCQuVOwikquBqYSIjN8SVcyxtkXHQMPt7Zjzkf4TeZzrZfQETMhdWuWgtTrVz8ITKpXLHvZj0fZRjxqgMPYNMitRqeUoeIwdYfc5nnzJ8m0T8HYeedlh3YSOhJQjeHskevMUQWyg6TtoB2tHcHt-edYPsQ6VwFQTI6avsPrgVpFKrto3ff9TDR9BcRyPwM6AiYn-vh7wA5PP9DjZddhCPf7bVPcHMZ6Hwd40dQDWm9_M8R-LcwKY8wnuWRUSplhfYJBvTjAgsb3Y3y88VGpfqY3V8Rd2ge-woBzUMA.yqwi-krmElGgXIMa8kKUPx1XmaXd9lHaAkMkVVpStxo&dib_tag=se&qid=1755800068&refinements=p_n_g-101014971069111%3A119653281011&s=electronics&sr=1-20,2025-08-21 11:14:29,TV & Display,0.0
"Energizer AA Batteries Alkaline Power, 32 Count Alkaline Double A Battery Pack",4.8,61157.0,100000,16.95,19.98,No Badge,Organic,No Coupon,Add to cart,2025-08-29,,https://m.media-amazon.com/images/I/91-R5huHLnL._AC_UL320_.jpg,,2025-08-21 11:14:29,Power & Batteries,15.17
"Apple Watch SE (2nd Gen) [GPS 40mm] Smartwatch with Starlight Aluminum Case with Starlight Sport Band S/M. Fitness and Sleep Trackers, Crash Detection, Heart Rate Monitor, Retina Display",4.6,12840.0,10000,146.14,146.14,No Badge,Organic,No Coupon,,,,https://m.media-amazon.com/images/I/61umEhyV-UL._AC_UL320_.jpg,https://www.amazon.com/Apple-Smartwatch-Starlight-Aluminum-Detection/dp/B0DGJ73CFS/ref=sr_1_22?dib=eyJ2IjoiMSJ9.avmZlHCQuVOwikquBqYSIjN8SVcyxtkXHQMPt7Zjzkf4TeZzrZfQETMhdWuWgtTrVz8ITKpXLHvZj0fZRjxqgMPYNMitRqeUoeIwdYfc5nnzJ8m0T8HYeedlh3YSOhJQjeHskevMUQWyg6TtoB2tHcHt-edYPsQ6VwFQTI6avsPrgVpFKrto3ff9TDR9BcRyPwM6AiYn-vh7wA5PP9DjZddhCPf7bVPcHMZ6Hwd40dQDWm9_M8R-LcwKY8wnuWRUSplhfYJBvTjAgsb3Y3y88VGpfqY3V8Rd2ge-woBzUMA.yqwi-krmElGgXIMa8kKUPx1XmaXd9lHaAkMkVVpStxo&dib_tag=se&qid=1755800068&refinements=p_n_g-101014971069111%3A119653281011&s=electronics&sr=1-22,2025-08-21 11:14:29,TV & Display,0.0
"Amazon Basics Wood-Cased #2 Pencils, Pre-sharpened, HB Lead Bulk Box, 150 Count, Yellow",4.8,54244.0,100000,9.89,14.33,No Badge,Organic,No Coupon,Add to cart,2025-08-29,,https://m.media-amazon.com/images/I/81qxJ-PgGLL._AC_UL320_.jpg,https://www.amazon.com/AmazonBasics-Pre-sharpened-Wood-Cased-Pencils/dp/B071JM699P/ref=sr_1_23?dib=eyJ2IjoiMSJ9.avmZlHCQuVOwikquBqYSIjN8SVcyxtkXHQMPt7Zjzkf4TeZzrZfQETMhdWuWgtTrVz8ITKpXLHvZj0fZRjxqgMPYNMitRqeUoeIwdYfc5nnzJ8m0T8HYeedlh3YSOhJQjeHskevMUQWyg6TtoB2tHcHt-edYPsQ6VwFQTI6avsPrgVpFKrto3ff9TDR9BcRyPwM6AiYn-vh7wA5PP9DjZddhCPf7bVPcHMZ6Hwd40dQDWm9_M8R-LcwKY8wnuWRUSplhfYJBvTjAgsb3Y3y88VGpfqY3V8Rd2ge-woBzUMA.yqwi-krmElGgXIMa8kKUPx1XmaXd9lHaAkMkVVpStxo&dib_tag=se&qid=1755800068&refinements=p_n_g-101014971069111%3A119653281011&s=electronics&sr=1-23,2025-08-21 11:14:29,Other Electronics,30.98
"Apple EarPods Headphones with USB-C Plug, Wired Ear Buds with Built-in Remote to Control Music, Phone Calls, and Volume",4.6,15087.0,10000,16.1,16.1,No Badge,Organic,No Coupon,,,,https://m.media-amazon.com/images/I/513OSdW4elL._AC_UL320_.jpg,https://www.amazon.com/Apple-EarPods-Headphones-Built-Control/dp/B0DCH8VDXF/ref=sr_1_24?dib=eyJ2IjoiMSJ9.avmZlHCQuVOwikquBqYSIjN8SVcyxtkXHQMPt7Zjzkf4TeZzrZfQETMhdWuWgtTrVz8ITKpXLHvZj0fZRjxqgMPYNMitRqeUoeIwdYfc5nnzJ8m0T8HYeedlh3YSOhJQjeHskevMUQWyg6TtoB2tHcHt-edYPsQ6VwFQTI6avsPrgVpFKrto3ff9TDR9BcRyPwM6AiYn-vh7wA5PP9DjZddhCPf7bVPcHMZ6Hwd40dQDWm9_M8R-LcwKY8wnuWRUSplhfYJBvTjAgsb3Y3y88VGpfqY3V8Rd2ge-woBzUMA.yqwi-krmElGgXIMa8kKUPx1XmaXd9lHaAkMkVVpStxo&dib_tag=se&qid=1755800068&refinements=p_n_g-101014971069111%3A119653281011&s=electronics&sr=1-24,2025-08-21 11:14:29,Phones,0.0
"Duracell 2032 Lithium Battery. 4 Count Pack. Child Safety Features. Compatible with Apple AirTag, Key Fob, and other devices. CR2032 3V Cell. 2032 Battery, Lithium Coin",4.7,84821.0,100000,,,Best Seller,Organic,No Coupon,,,,https://m.media-amazon.com/images/I/71B7wnkW7DL._AC_UL320_.jpg,,2025-08-21 11:14:29,Power & Batteries,
"Energizer Alkaline Power AAA Batteries, 32 Count, Long-Lasting Triple A Batteries, Suitable for Everyday Electronics and Emergency Gear",4.8,43002.0,70000,15.15,17.99,No Badge,Organic,No Coupon,Add to cart,2025-08-29,,https://m.media-amazon.com/images/I/91ass+ZYjcL._AC_UL320_.jpg,,2025-08-21 11:14:29,Power & Batteries,15.79
"Duracell Coppertop AA Batteries with Power Boost Ingredients, 24 Count Pack Double A Battery with Long-lasting Power, Alkaline AA Battery for Household and Office Devices",4.8,125404.0,80000,18.79,21.89,No Badge,Organic,No Coupon,Add to cart,2025-08-29,,https://m.media-amazon.com/images/I/71F1yxjGeYL._AC_UL320_.jpg,,2025-08-21 11:14:29,Power & Batteries,14.16
"Sony ZX Series Wired On-Ear Headphones, Black MDR-ZX110",4.5,108926.0,10000,9.54,9.54,Best Seller,Organic,No Coupon,,,,https://m.media-amazon.com/images/I/41CiQ7hR31L._AC_UL320_.jpg,https://www.amazon.com/Sony-MDRZX110-BLK-Stereo-Headphones/dp/B00NJ2M33I/ref=sr_1_28?dib=eyJ2IjoiMSJ9.avmZlHCQuVOwikquBqYSIjN8SVcyxtkXHQMPt7Zjzkf4TeZzrZfQETMhdWuWgtTrVz8ITKpXLHvZj0fZRjxqgMPYNMitRqeUoeIwdYfc5nnzJ8m0T8HYeedlh3YSOhJQjeHskevMUQWyg6TtoB2tHcHt-edYPsQ6VwFQTI6avsPrgVpFKrto3ff9TDR9BcRyPwM6AiYn-vh7wA5PP9DjZddhCPf7bVPcHMZ6Hwd40dQDWm9_M8R-LcwKY8wnuWRUSplhfYJBvTjAgsb3Y3y88VGpfqY3V8Rd2ge-woBzUMA.yqwi-krmElGgXIMa8kKUPx1XmaXd9lHaAkMkVVpStxo&dib_tag=se&qid=1755800068&refinements=p_n_g-101014971069111%3A119653281011&s=electronics&sr=1-28,2025-08-21 11:14:29,Phones,0.0
"HP 67 Black/Tri-color Ink Cartridges for HP Printers | Works with Printer Series: DeskJet 1255, 2700, 4100; ENVY 6000, 6400 | Eligible for Instant Ink | 3YP29AN",4.6,59092.0,50000,43.89,43.89,No Badge,Organic,No Coupon,,,,https://m.media-amazon.com/images/I/51eBahpKdaL._AC_UL320_.jpg,https://www.amazon.com/HP-Cartridges-Black-Tri-Color-3YP29AN/dp/B08412HXK9/ref=sr_1_29?dib=eyJ2IjoiMSJ9.avmZlHCQuVOwikquBqYSIjN8SVcyxtkXHQMPt7Zjzkf4TeZzrZfQETMhdWuWgtTrVz8ITKpXLHvZj0fZRjxqgMPYNMitRqeUoeIwdYfc5nnzJ8m0T8HYeedlh3YSOhJQjeHskevMUQWyg6TtoB2tHcHt-edYPsQ6VwFQTI6avsPrgVpFKrto3ff9TDR9BcRyPwM6AiYn-vh7wA5PP9DjZddhCPf7bVPcHMZ6Hwd40dQDWm9_M8R-LcwKY8wnuWRUSplhfYJBvTjAgsb3Y3y88VGpfqY3V8Rd2ge-woBzUMA.yqwi-krmElGgXIMa8kKUPx1XmaXd9lHaAkMkVVpStxo&dib_tag=se&qid=1755800068&refinements=p_n_g-101014971069111%3A119653281011&s=electronics&sr=1-29,2025-08-21 11:14:29,Laptops,0.0
"HP 67XL Black High-yield Ink Cartridge | Works with HP DeskJet 1255, 2700, 4100 Series, HP ENVY 6000, 6400 Series | Eligible for Instant Ink | One Size | 3YM57AN",4.6,101072.0,50000,35.89,35.89,Best Seller,Organic,No Coupon,,,Manufacturing practices,https://m.media-amazon.com/images/I/71y57XPIiaL._AC_UL320_.jpg,https://www.amazon.com/HP-Cartridge-Black-3YM57AN-Tri-Color/dp/B08412PTS8/ref=sr_1_30?dib=eyJ2IjoiMSJ9.avmZlHCQuVOwikquBqYSIjN8SVcyxtkXHQMPt7Zjzkf4TeZzrZfQETMhdWuWgtTrVz8ITKpXLHvZj0fZRjxqgMPYNMitRqeUoeIwdYfc5nnzJ8m0T8HYeedlh3YSOhJQjeHskevMUQWyg6TtoB2tHcHt-edYPsQ6VwFQTI6avsPrgVpFKrto3ff9TDR9BcRyPwM6AiYn-vh7wA5PP9DjZddhCPf7bVPcHMZ6Hwd40dQDWm9_M8R-LcwKY8wnuWRUSplhfYJBvTjAgsb3Y3y88VGpfqY3V8Rd2ge-woBzUMA.yqwi-krmElGgXIMa8kKUPx1XmaXd9lHaAkMkVVpStxo&dib_tag=se&qid=1755800068&refinements=p_n_g-101014971069111%3A119653281011&s=electronics&sr=1-30,2025-08-21 11:14:29,Laptops,0.0
"Razer Seiren V3 Chroma RGB USB Microphone: Stream & Game Reactive Lighting - Tap-to-Mute Sensor - Condenser Mic - Digital Gain Limiter & Shock Absorber - PC, Discord, OBS Studio, XSplit - Quartz Pink",4.5,171.0,,134.39,134.39,No Badge,Sponsored,No Coupon,Add to cart,2025-09-01,Manufacturing practices,https://m.media-amazon.com/images/I/613TxRU5DpL._AC_UL320_.jpg,https://www.amazon.com/sspa/click?ie=UTF8&spc=MTo4NzEzNDY2NTQ5NDYxNDQ2OjE3NTU4MDAwNjg6c3BfYnRmX2Jyb3dzZTozMDA4NTYzMDEyODM5MDI6OjA6Og&url=%2FRazer-Seiren-Chroma-Microphone-Mute%2Fdp%2FB0CT7BK716%2Fref%3Dsr_1_31_sspa%3Fdib%3DeyJ2IjoiMSJ9.avmZlHCQuVOwikquBqYSIjN8SVcyxtkXHQMPt7Zjzkf4TeZzrZfQETMhdWuWgtTrVz8ITKpXLHvZj0fZRjxqgMPYNMitRqeUoeIwdYfc5nnzJ8m0T8HYeedlh3YSOhJQjeHskevMUQWyg6TtoB2tHcHt-edYPsQ6VwFQTI6avsPrgVpFKrto3ff9TDR9BcRyPwM6AiYn-vh7wA5PP9DjZddhCPf7bVPcHMZ6Hwd40dQDWm9_M8R-LcwKY8wnuWRUSplhfYJBvTjAgsb3Y3y88VGpfqY3V8Rd2ge-woBzUMA.yqwi-krmElGgXIMa8kKUPx1XmaXd9lHaAkMkVVpStxo%26dib_tag%3Dse%26qid%3D1755800068%26refinements%3Dp_n_g-101014971069111%253A119653281011%26s%3Delectronics%26sr%3D1-31-spons%26sp_csd%3Dd2lkZ2V0TmFtZT1zcF9idGZfYnJvd3Nl%26psc%3D1,2025-08-21 11:14:29,Phones,0.0
OWC 250GB Aura Pro 6G Flash SSD Upgrade for 2012 MacBook Air,4.6,276.0,,42.99,42.99,No Badge,Sponsored,No Coupon,Add to cart,2025-09-01,,https://m.media-amazon.com/images/I/41d4RtiB8EL._AC_UL320_.jpg,https://www.amazon.com/sspa/click?ie=UTF8&spc=MTo4NzEzNDY2NTQ5NDYxNDQ2OjE3NTU4MDAwNjg6c3BfYnRmX2Jyb3dzZToyMDAxMzI1NDg4MjY2OTg6OjA6Og&url=%2FOWC-Computing-Internal-Upgrade-MacBook%2Fdp%2FB07L5H7VNF%2Fref%3Dsr_1_32_sspa%3Fdib%3DeyJ2IjoiMSJ9.avmZlHCQuVOwikquBqYSIjN8SVcyxtkXHQMPt7Zjzkf4TeZzrZfQETMhdWuWgtTrVz8ITKpXLHvZj0fZRjxqgMPYNMitRqeUoeIwdYfc5nnzJ8m0T8HYeedlh3YSOhJQjeHskevMUQWyg6TtoB2tHcHt-edYPsQ6VwFQTI6avsPrgVpFKrto3ff9TDR9BcRyPwM6AiYn-vh7wA5PP9DjZddhCPf7bVPcHMZ6Hwd40dQDWm9_M8R-LcwKY8wnuWRUSplhfYJBvTjAgsb3Y3y88VGpfqY3V8Rd2ge-woBzUMA.yqwi-krmElGgXIMa8kKUPx1XmaXd9lHaAkMkVVpStxo%26dib_tag%3Dse%26qid%3D1755800068%26refinements%3Dp_n_g-101014971069111%253A119653281011%26s%3Delectronics%26sr%3D1-32-spons%26sp_csd%3Dd2lkZ2V0TmFtZT1zcF9idGZfYnJvd3Nl%26psc%3D1,2025-08-21 11:14:29,Laptops,0.0
"OWC 2.0TB Aura Pro X2 (GEN 4) SSD Complete Upgrade Solution Compatible with Mac Pro (Late 2013), High Performance NVMe Flash Upgrade, Including Tools, heatsink, and Envoy Pro Enclosure",4.4,358.0,,239.99,239.99,No Badge,Sponsored,No Coupon,Add to cart,2025-09-01,,https://m.media-amazon.com/images/I/51vvx1JymAL._AC_UL320_.jpg,https://www.amazon.com/sspa/click?ie=UTF8&spc=MTo4NzEzNDY2NTQ5NDYxNDQ2OjE3NTU4MDAwNjg6c3BfYnRmX2Jyb3dzZTozMDAxMzY1MDMzODA2MDI6OjA6Og&url=%2FOWC-Compatible-Performance-Including-Enclosure%2Fdp%2FB0CTD3XXBT%2Fref%3Dsr_1_33_sspa%3Fdib%3DeyJ2IjoiMSJ9.avmZlHCQuVOwikquBqYSIjN8SVcyxtkXHQMPt7Zjzkf4TeZzrZfQETMhdWuWgtTrVz8ITKpXLHvZj0fZRjxqgMPYNMitRqeUoeIwdYfc5nnzJ8m0T8HYeedlh3YSOhJQjeHskevMUQWyg6TtoB2tHcHt-edYPsQ6VwFQTI6avsPrgVpFKrto3ff9TDR9BcRyPwM6AiYn-vh7wA5PP9DjZddhCPf7bVPcHMZ6Hwd40dQDWm9_M8R-LcwKY8wnuWRUSplhfYJBvTjAgsb3Y3y88VGpfqY3V8Rd2ge-woBzUMA.yqwi-krmElGgXIMa8kKUPx1XmaXd9lHaAkMkVVpStxo%26dib_tag%3Dse%26qid%3D1755800068%26refinements%3Dp_n_g-101014971069111%253A119653281011%26s%3Delectronics%26sr%3D1-33-spons%26sp_csd%3Dd2lkZ2V0TmFtZT1zcF9idGZfYnJvd3Nl%26psc%3D1,2025-08-21 11:14:29,Storage,0.0
Texas Instruments TI-30XS MultiView Scientific Calculator,4.8,36122.0,70000,16.99,20.0,No Badge,Organic,No Coupon,Add to cart,2025-08-29,,https://m.media-amazon.com/images/I/71b23YXk+RL._AC_UL320_.jpg,https://www.amazon.com/Texas-Instruments-MultiView-Scientific-Calculator/dp/B000PDFQ6K/ref=sr_1_25?dib=eyJ2IjoiMSJ9.LBpBsHuyfrR7CRIcNLKJuNd86w-xTsaEnYcIS2sQiWPBQ-THGMiZLsovvzc6zU2prrcV96oGOYrhT_X_YbP0XY6vdZMKx6b6N8yqNFNh9tVKkb00o7qDalFYVh2aC679dnx8SL_aC5fTv7utJL7qrEshg5lvQghQDR9_0RzNSAKdGCN2S1u8ibaV2lo7CdJtTfmt-FUXHp_DCDiwPbzQvERmPa_wSDQV9OtPye6EVsQfla4GRQw7U7svaPvZTR1zNo1Qa-wL96sYgjP7Mv76TK2r46jfH6HT2KrwVWEVXH4.70OxK_A5AwLXqpRAWujAtKePZBVX0Wf7SRjWmHqbtUI&dib_tag=se&qid=1755800083&refinements=p_n_g-101014971069111%3A119653281011&s=electronics&sr=1-25,2025-08-21 11:14:46,Other Electronics,15.05
"Amazon Basics Micro SDXC Memory Card with Full Size Adapter, A2, U3, Read Speed up to 100 MB/s, 128 GB, Black",4.7,123411.0,10000,11.06,11.06,Best Seller,Organic,No Coupon,Add to cart,2025-08-29,,https://m.media-amazon.com/images/I/81FMYuiSaEL._AC_UL320_.jpg,https://www.amazon.com/Amazon-Basics-microSDXC-Memory-Adapter/dp/B08TJRVWV1/ref=sr_1_26?dib=eyJ2IjoiMSJ9.LBpBsHuyfrR7CRIcNLKJuNd86w-xTsaEnYcIS2sQiWPBQ-THGMiZLsovvzc6zU2prrcV96oGOYrhT_X_YbP0XY6vdZMKx6b6N8yqNFNh9tVKkb00o7qDalFYVh2aC679dnx8SL_aC5fTv7utJL7qrEshg5lvQghQDR9_0RzNSAKdGCN2S1u8ibaV2lo7CdJtTfmt-FUXHp_DCDiwPbzQvERmPa_wSDQV9OtPye6EVsQfla4GRQw7U7svaPvZTR1zNo1Qa-wL96sYgjP7Mv76TK2r46jfH6HT2KrwVWEVXH4.70OxK_A5AwLXqpRAWujAtKePZBVX0Wf7SRjWmHqbtUI&dib_tag=se&qid=1755800083&refinements=p_n_g-101014971069111%3A119653281011&s=electronics&sr=1-26,2025-08-21 11:14:46,Chargers & Cables,0.0
"Mounting Dream TV Wall Mount for 32-65 Inch Television,Mount with Swivel and Tilt, Full Motion Bracket with Articulating Dual Arms, Fits 16inch Studs, Max VESA 400X400 mm, 99lbs, MD2380",4.8,44109.0,10000,39.97,48.99,Best Seller,Organic,No Coupon,Add to cart,2025-08-29,,https://m.media-amazon.com/images/I/61da4dQI-hL._AC_UL320_.jpg,https://www.amazon.com/Mounting-Dream-Bracket-Articulating-400x400mm/dp/B00SFSU53G/ref=sr_1_27?dib=eyJ2IjoiMSJ9.LBpBsHuyfrR7CRIcNLKJuNd86w-xTsaEnYcIS2sQiWPBQ-THGMiZLsovvzc6zU2prrcV96oGOYrhT_X_YbP0XY6vdZMKx6b6N8yqNFNh9tVKkb00o7qDalFYVh2aC679dnx8SL_aC5fTv7utJL7qrEshg5lvQghQDR9_0RzNSAKdGCN2S1u8ibaV2lo7CdJtTfmt-FUXHp_DCDiwPbzQvERmPa_wSDQV9OtPye6EVsQfla4GRQw7U7svaPvZTR1zNo1Qa-wL96sYgjP7Mv76TK2r46jfH6HT2KrwVWEVXH4.70OxK_A5AwLXqpRAWujAtKePZBVX0Wf7SRjWmHqbtUI&dib_tag=se&qid=1755800083&refinements=p_n_g-101014971069111%3A119653281011&s=electronics&sr=1-27,2025-08-21 11:14:46,TV & Display,18.41
"Energizer Ultimate Lithium AA Batteries Pack, 1.5V AA Batteries, 24 Count",4.7,32810.0,40000,,,No Badge,Organic,No Coupon,,,,https://m.media-amazon.com/images/I/71eW3rQCd6L._AC_UL320_.jpg,,2025-08-21 11:14:46,Power & Batteries,
"Scotch Heavy Duty Shipping and Moving Packing Tape, Clear, Packing and Moving Supplies, 1.88 in. x 22.2 yd., 6 Tape Rolls with Dispensers",4.8,103375.0,10000,13.86,19.99,Best Seller,Organic,No Coupon,Add to cart,2025-08-29,,https://m.media-amazon.com/images/I/610as++OYZL._AC_UL320_.jpg,https://www.amazon.com/Scotch-Shipping-Packaging-Dispenser-142-6/dp/B000J07BRQ/ref=sr_1_29?dib=eyJ2IjoiMSJ9.LBpBsHuyfrR7CRIcNLKJuNd86w-xTsaEnYcIS2sQiWPBQ-THGMiZLsovvzc6zU2prrcV96oGOYrhT_X_YbP0XY6vdZMKx6b6N8yqNFNh9tVKkb00o7qDalFYVh2aC679dnx8SL_aC5fTv7utJL7qrEshg5lvQghQDR9_0RzNSAKdGCN2S1u8ibaV2lo7CdJtTfmt-FUXHp_DCDiwPbzQvERmPa_wSDQV9OtPye6EVsQfla4GRQw7U7svaPvZTR1zNo1Qa-wL96sYgjP7Mv76TK2r46jfH6HT2KrwVWEVXH4.70OxK_A5AwLXqpRAWujAtKePZBVX0Wf7SRjWmHqbtUI&dib_tag=se&qid=1755800083&refinements=p_n_g-101014971069111%3A119653281011&s=electronics&sr=1-29,2025-08-21 11:14:46,Other Electronics,30.67
"JBL Vibe Beam - True Wireless JBL Deep Bass Sound Earbuds, Bluetooth 5.2, Water & Dust Resistant, Hands-free call with VoiceAware, Up to 32 hours of battery life (Black)",4.3,26559.0,10000,29.95,29.95,No Badge,Organic,No Coupon,,,,https://m.media-amazon.com/images/I/41+1Csr1pSL._AC_UL320_.jpg,https://www.amazon.com/JBL-Vibe-Beam-Wireless-Headphones/dp/B0BQPNMXQV/ref=sr_1_30?dib=eyJ2IjoiMSJ9.LBpBsHuyfrR7CRIcNLKJuNd86w-xTsaEnYcIS2sQiWPBQ-THGMiZLsovvzc6zU2prrcV96oGOYrhT_X_YbP0XY6vdZMKx6b6N8yqNFNh9tVKkb00o7qDalFYVh2aC679dnx8SL_aC5fTv7utJL7qrEshg5lvQghQDR9_0RzNSAKdGCN2S1u8ibaV2lo7CdJtTfmt-FUXHp_DCDiwPbzQvERmPa_wSDQV9OtPye6EVsQfla4GRQw7U7svaPvZTR1zNo1Qa-wL96sYgjP7Mv76TK2r46jfH6HT2KrwVWEVXH4.70OxK_A5AwLXqpRAWujAtKePZBVX0Wf7SRjWmHqbtUI&dib_tag=se&qid=1755800083&refinements=p_n_g-101014971069111%3A119653281011&s=electronics&sr=1-30,2025-08-21 11:14:46,Headphones,0.0
"Apple Pencil Pro: Latest Model - Device Compatibility Check Required - Pixel-Perfect Precision, Tilt and Pressure Sensitivity, Perfect for Note-Taking, Drawing, and Art. Charges and Pairs Magnetically",4.6,4676.0,10000,148.0,148.0,No Badge,Organic,No Coupon,,,,https://m.media-amazon.com/images/I/41iLLpfSWxL._AC_UL320_.jpg,https://www.amazon.com/Apple-Pencil-Pro-Pixel-Perfect-Industry-Leading/dp/B0D3J71RM7/ref=sr_1_31?dib=eyJ2IjoiMSJ9.LBpBsHuyfrR7CRIcNLKJuNd86w-xTsaEnYcIS2sQiWPBQ-THGMiZLsovvzc6zU2prrcV96oGOYrhT_X_YbP0XY6vdZMKx6b6N8yqNFNh9tVKkb00o7qDalFYVh2aC679dnx8SL_aC5fTv7utJL7qrEshg5lvQghQDR9_0RzNSAKdGCN2S1u8ibaV2lo7CdJtTfmt-FUXHp_DCDiwPbzQvERmPa_wSDQV9OtPye6EVsQfla4GRQw7U7svaPvZTR1zNo1Qa-wL96sYgjP7Mv76TK2r46jfH6HT2KrwVWEVXH4.70OxK_A5AwLXqpRAWujAtKePZBVX0Wf7SRjWmHqbtUI&dib_tag=se&qid=1755800083&refinements=p_n_g-101014971069111%3A119653281011&s=electronics&sr=1-31,2025-08-21 11:14:46,Phones,0.0
"Energizer AA and AAA Batteries, 48 Count, Combo Pack Contains 24 Max Double A and 24 Max Triple A Batteries",4.8,70083.0,40000,23.1,38.98,No Badge,Organic,No Coupon,Add to cart,2025-08-29,,https://m.media-amazon.com/images/I/91+6hAElRPL._AC_UL320_.jpg,,2025-08-21 11:14:46,Power & Batteries,40.74
"Amazon Basics File Folders with Tabs for Filing, 1/3-Cut Tab, Assorted Positions, 8.5x11 inches, Letter Size, Manila, Pack of 100",4.8,53340.0,70000,11.1,14.39,Best Seller,Organic,No Coupon,Add to cart,2025-09-01,,https://m.media-amazon.com/images/I/61fuHeaBSaL._AC_UL320_.jpg,https://www.amazon.com/August-19-2025-Sindhoora-Positions/dp/B01LYHE49W/ref=sr_1_33?dib=eyJ2IjoiMSJ9.LBpBsHuyfrR7CRIcNLKJuNd86w-xTsaEnYcIS2sQiWPBQ-THGMiZLsovvzc6zU2prrcV96oGOYrhT_X_YbP0XY6vdZMKx6b6N8yqNFNh9tVKkb00o7qDalFYVh2aC679dnx8SL_aC5fTv7utJL7qrEshg5lvQghQDR9_0RzNSAKdGCN2S1u8ibaV2lo7CdJtTfmt-FUXHp_DCDiwPbzQvERmPa_wSDQV9OtPye6EVsQfla4GRQw7U7svaPvZTR1zNo1Qa-wL96sYgjP7Mv76TK2r46jfH6HT2KrwVWEVXH4.70OxK_A5AwLXqpRAWujAtKePZBVX0Wf7SRjWmHqbtUI&dib_tag=se&qid=1755800083&refinements=p_n_g-101014971069111%3A119653281011&s=electronics&sr=1-33,2025-08-21 11:14:46,Other Electronics,22.86
"Duracell Coppertop AAA Batteries with Power Boost Ingredients, 24 Count Pack Triple A Battery with Long-Lasting Power, Alkaline AAA Battery for Household and Office Devices",4.8,67965.0,60000,20.39,21.89,No Badge,Organic,No Coupon,Add to cart,2025-08-29,,https://m.media-amazon.com/images/I/71fYdkAZLML._AC_UL320_.jpg,,2025-08-21 11:14:46,Power & Batteries,6.85
"HP OfficeJet Pro 8125e Wireless All-in-One Color Inkjet Printer, Print, scan, Copy, ADF, Duplex Printing, Home & Office, 3 Months of Instant Ink Included (405T6A)",4.1,450.0,20000,119.99,169.99,No Badge,Organic,No Coupon,Add to cart,2025-09-01,,https://m.media-amazon.com/images/I/61ec0I5hH9L._AC_UL320_.jpg,https://www.amazon.com/HP-OfficeJet-Wireless-Printing-405T6A/dp/B0CT8ZJ7ZC/ref=sr_1_35?dib=eyJ2IjoiMSJ9.LBpBsHuyfrR7CRIcNLKJuNd86w-xTsaEnYcIS2sQiWPBQ-THGMiZLsovvzc6zU2prrcV96oGOYrhT_X_YbP0XY6vdZMKx6b6N8yqNFNh9tVKkb00o7qDalFYVh2aC679dnx8SL_aC5fTv7utJL7qrEshg5lvQghQDR9_0RzNSAKdGCN2S1u8ibaV2lo7CdJtTfmt-FUXHp_DCDiwPbzQvERmPa_wSDQV9OtPye6EVsQfla4GRQw7U7svaPvZTR1zNo1Qa-wL96sYgjP7Mv76TK2r46jfH6HT2KrwVWEVXH4.70OxK_A5AwLXqpRAWujAtKePZBVX0Wf7SRjWmHqbtUI&dib_tag=se&qid=1755800083&refinements=p_n_g-101014971069111%3A119653281011&s=electronics&sr=1-35,2025-08-21 11:14:46,Laptops,29.41
"Scotch Thermal Laminating Pouches, for Use with Thermal Laminators, 8.9 x 11.4 Inches, Letter Size Sheets, 100-Pack",4.9,72360.0,70000,11.99,19.99,No Badge,Organic,No Coupon,Add to cart,2025-09-01,,https://m.media-amazon.com/images/I/61y4SMvlKEL._AC_UL320_.jpg,https://www.amazon.com/Scotch-Thermal-Laminating-100-Pack-TP3854-100/dp/B007VBXB48/ref=sr_1_36?dib=eyJ2IjoiMSJ9.LBpBsHuyfrR7CRIcNLKJuNd86w-xTsaEnYcIS2sQiWPBQ-THGMiZLsovvzc6zU2prrcV96oGOYrhT_X_YbP0XY6vdZMKx6b6N8yqNFNh9tVKkb00o7qDalFYVh2aC679dnx8SL_aC5fTv7utJL7qrEshg5lvQghQDR9_0RzNSAKdGCN2S1u8ibaV2lo7CdJtTfmt-FUXHp_DCDiwPbzQvERmPa_wSDQV9OtPye6EVsQfla4GRQw7U7svaPvZTR1zNo1Qa-wL96sYgjP7Mv76TK2r46jfH6HT2KrwVWEVXH4.70OxK_A5AwLXqpRAWujAtKePZBVX0Wf7SRjWmHqbtUI&dib_tag=se&qid=1755800083&refinements=p_n_g-101014971069111%3A119653281011&s=electronics&sr=1-36,2025-08-21 11:14:46,Other Electronics,40.02
"TP-Link AC1200 WiFi Extender, 2025 Wirecutter Best WiFi Extender, 1.2Gbps Home Signal Booster, Dual Band 5GHz/2.4GHz, Up to 1600 Sq.ft and 32 Devices, EasyMesh Compatible, One Ethernet Port (RE315)",4.2,33507.0,10000,19.99,29.99,Best Seller,Organic,No Coupon,Add to cart,2025-08-29,,https://m.media-amazon.com/images/I/41Y56RIq57L._AC_UL320_.jpg,https://www.amazon.com/Wifi-Extender-Booster-Wireless-Repeater/dp/B08RHD97QY/ref=sr_1_37?dib=eyJ2IjoiMSJ9.LBpBsHuyfrR7CRIcNLKJuNd86w-xTsaEnYcIS2sQiWPBQ-THGMiZLsovvzc6zU2prrcV96oGOYrhT_X_YbP0XY6vdZMKx6b6N8yqNFNh9tVKkb00o7qDalFYVh2aC679dnx8SL_aC5fTv7utJL7qrEshg5lvQghQDR9_0RzNSAKdGCN2S1u8ibaV2lo7CdJtTfmt-FUXHp_DCDiwPbzQvERmPa_wSDQV9OtPye6EVsQfla4GRQw7U7svaPvZTR1zNo1Qa-wL96sYgjP7Mv76TK2r46jfH6HT2KrwVWEVXH4.70OxK_A5AwLXqpRAWujAtKePZBVX0Wf7SRjWmHqbtUI&dib_tag=se&qid=1755800083&refinements=p_n_g-101014971069111%3A119653281011&s=electronics&sr=1-37,2025-08-21 11:14:46,Networking,33.34
"Samsung Galaxy Tab A9+ Tablet 11” 64GB Android Tablet, Big Screen, Quad Speakers, Upgraded Chipset, Multi Window Display, Slim, Light, Durable Design, US Version, 2024, Graphite",4.4,15848.0,10000,159.0,219.99,No Badge,Organic,No Coupon,Add to cart,2025-08-29,,https://m.media-amazon.com/images/I/61d46oYQgdL._AC_UL320_.jpg,https://www.amazon.com/SAMSUNG-Android-Speakers-Upgraded-Graphite/dp/B0CLF3VPMV/ref=sr_1_38?dib=eyJ2IjoiMSJ9.LBpBsHuyfrR7CRIcNLKJuNd86w-xTsaEnYcIS2sQiWPBQ-THGMiZLsovvzc6zU2prrcV96oGOYrhT_X_YbP0XY6vdZMKx6b6N8yqNFNh9tVKkb00o7qDalFYVh2aC679dnx8SL_aC5fTv7utJL7qrEshg5lvQghQDR9_0RzNSAKdGCN2S1u8ibaV2lo7CdJtTfmt-FUXHp_DCDiwPbzQvERmPa_wSDQV9OtPye6EVsQfla4GRQw7U7svaPvZTR1zNo1Qa-wL96sYgjP7Mv76TK2r46jfH6HT2KrwVWEVXH4.70OxK_A5AwLXqpRAWujAtKePZBVX0Wf7SRjWmHqbtUI&dib_tag=se&qid=1755800083&refinements=p_n_g-101014971069111%3A119653281011&s=electronics&sr=1-38,2025-08-21 11:14:46,Phones,27.72
"Apple Watch Series 10 [GPS 42mm case] Smartwatch with Rose Gold Aluminium Case with Light Blush Sport Band - S/M. Fitness Tracker, ECG App, Always-On Retina Display, Water Resistant",4.7,11785.0,10000,280.12,280.12,Best Seller,Organic,No Coupon,,,,https://m.media-amazon.com/images/I/61Z8y0y2b0L._AC_UL320_.jpg,https://www.amazon.com/Apple-Watch-Smartwatch-Aluminium-Always/dp/B0DGHYQ1VJ/ref=sr_1_39?dib=eyJ2IjoiMSJ9.LBpBsHuyfrR7CRIcNLKJuNd86w-xTsaEnYcIS2sQiWPBQ-THGMiZLsovvzc6zU2prrcV96oGOYrhT_X_YbP0XY6vdZMKx6b6N8yqNFNh9tVKkb00o7qDalFYVh2aC679dnx8SL_aC5fTv7utJL7qrEshg5lvQghQDR9_0RzNSAKdGCN2S1u8ibaV2lo7CdJtTfmt-FUXHp_DCDiwPbzQvERmPa_wSDQV9OtPye6EVsQfla4GRQw7U7svaPvZTR1zNo1Qa-wL96sYgjP7Mv76TK2r46jfH6HT2KrwVWEVXH4.70OxK_A5AwLXqpRAWujAtKePZBVX0Wf7SRjWmHqbtUI&dib_tag=se&qid=1755800083&refinements=p_n_g-101014971069111%3A119653281011&s=electronics&sr=1-39,2025-08-21 11:14:46,TV & Display,0.0
Sharpie Permanent Markers Bulk Set Fine Tip Markers Set For Plastic Metal Wood And More Black 36 Count,4.8,10981.0,50000,17.97,17.97,No Badge,Organic,No Coupon,Add to cart,2025-08-29,,https://m.media-amazon.com/images/I/71XWLfDZv5L._AC_UL320_.jpg,https://www.amazon.com/Sharpie-1884739-Permanent-Markers-Point/dp/B00G4CJ8GK/ref=sr_1_40?dib=eyJ2IjoiMSJ9.LBpBsHuyfrR7CRIcNLKJuNd86w-xTsaEnYcIS2sQiWPBQ-THGMiZLsovvzc6zU2prrcV96oGOYrhT_X_YbP0XY6vdZMKx6b6N8yqNFNh9tVKkb00o7qDalFYVh2aC679dnx8SL_aC5fTv7utJL7qrEshg5lvQghQDR9_0RzNSAKdGCN2S1u8ibaV2lo7CdJtTfmt-FUXHp_DCDiwPbzQvERmPa_wSDQV9OtPye6EVsQfla4GRQw7U7svaPvZTR1zNo1Qa-wL96sYgjP7Mv76TK2r46jfH6HT2KrwVWEVXH4.70OxK_A5AwLXqpRAWujAtKePZBVX0Wf7SRjWmHqbtUI&dib_tag=se&qid=1755800083&refinements=p_n_g-101014971069111%3A119653281011&s=electronics&sr=1-40,2025-08-21 11:14:46,Other Electronics,0.0
Texas Instruments TI-30Xa Scientific Calculator,4.7,17495.0,60000,10.82,15.0,No Badge,Organic,No Coupon,Add to cart,2025-08-29,,https://m.media-amazon.com/images/I/71d3OqkkdkL._AC_UL320_.jpg,https://www.amazon.com/Texas-Instruments-TI-30Xa-Scientific-Calculator/dp/B00000JBNS/ref=sr_1_41?dib=eyJ2IjoiMSJ9.LBpBsHuyfrR7CRIcNLKJuNd86w-xTsaEnYcIS2sQiWPBQ-THGMiZLsovvzc6zU2prrcV96oGOYrhT_X_YbP0XY6vdZMKx6b6N8yqNFNh9tVKkb00o7qDalFYVh2aC679dnx8SL_aC5fTv7utJL7qrEshg5lvQghQDR9_0RzNSAKdGCN2S1u8ibaV2lo7CdJtTfmt-FUXHp_DCDiwPbzQvERmPa_wSDQV9OtPye6EVsQfla4GRQw7U7svaPvZTR1zNo1Qa-wL96sYgjP7Mv76TK2r46jfH6HT2KrwVWEVXH4.70OxK_A5AwLXqpRAWujAtKePZBVX0Wf7SRjWmHqbtUI&dib_tag=se&qid=1755800083&refinements=p_n_g-101014971069111%3A119653281011&s=electronics&sr=1-41,2025-08-21 11:14:46,Other Electronics,27.87
"SanDisk 128GB Extreme PRO SDXC UHS-I Memory Card - C10, U3, V30, 4K UHD, SD Card - SDSDXXD-128G-GN4IN",4.8,72492.0,10000,21.99,24.99,Best Seller,Organic,No Coupon,Add to cart,2025-08-29,,https://m.media-amazon.com/images/I/81wwLOgkLgL._AC_UL320_.jpg,https://www.amazon.com/SanDisk-128GB-Extreme-UHS-I-Memory/dp/B09X7FXHVJ/ref=sr_1_42?dib=eyJ2IjoiMSJ9.LBpBsHuyfrR7CRIcNLKJuNd86w-xTsaEnYcIS2sQiWPBQ-THGMiZLsovvzc6zU2prrcV96oGOYrhT_X_YbP0XY6vdZMKx6b6N8yqNFNh9tVKkb00o7qDalFYVh2aC679dnx8SL_aC5fTv7utJL7qrEshg5lvQghQDR9_0RzNSAKdGCN2S1u8ibaV2lo7CdJtTfmt-FUXHp_DCDiwPbzQvERmPa_wSDQV9OtPye6EVsQfla4GRQw7U7svaPvZTR1zNo1Qa-wL96sYgjP7Mv76TK2r46jfH6HT2KrwVWEVXH4.70OxK_A5AwLXqpRAWujAtKePZBVX0Wf7SRjWmHqbtUI&dib_tag=se&qid=1755800083&refinements=p_n_g-101014971069111%3A119653281011&s=electronics&sr=1-42,2025-08-21 11:14:47,Storage,12.0
"Duracell Coppertop AA Batteries with Power Boost Ingredients, 28 Count (Pack of 1) Long-lasting Alkaline Double AA Battery in Re-closable Pack for Quick Access and Organized Storage",4.8,16952.0,50000,25.66,25.66,No Badge,Organic,No Coupon,Add to cart,2025-08-29,,https://m.media-amazon.com/images/I/71fTr5+3UVL._AC_UL320_.jpg,,2025-08-21 11:14:47,Storage,0.0
"Beats Solo 4 - Wireless Bluetooth On-Ear Headphones, Apple & Android Compatible, Up to 50 Hours of Battery Life - Cloud Pink",4.6,16222.0,10000,127.49,127.49,No Badge,Organic,No Coupon,,,,https://m.media-amazon.com/images/I/51JNqP2C4rL._AC_UL320_.jpg,https://www.amazon.com/Beats-Solo-Ear-Headphones-Compatible/dp/B0CZPGX972/ref=sr_1_44?dib=eyJ2IjoiMSJ9.LBpBsHuyfrR7CRIcNLKJuNd86w-xTsaEnYcIS2sQiWPBQ-THGMiZLsovvzc6zU2prrcV96oGOYrhT_X_YbP0XY6vdZMKx6b6N8yqNFNh9tVKkb00o7qDalFYVh2aC679dnx8SL_aC5fTv7utJL7qrEshg5lvQghQDR9_0RzNSAKdGCN2S1u8ibaV2lo7CdJtTfmt-FUXHp_DCDiwPbzQvERmPa_wSDQV9OtPye6EVsQfla4GRQw7U7svaPvZTR1zNo1Qa-wL96sYgjP7Mv76TK2r46jfH6HT2KrwVWEVXH4.70OxK_A5AwLXqpRAWujAtKePZBVX0Wf7SRjWmHqbtUI&dib_tag=se&qid=1755800083&refinements=p_n_g-101014971069111%3A119653281011&s=electronics&sr=1-44,2025-08-21 11:14:47,Phones,0.0
"AMD RYZEN 7 9800X3D 8-Core, 16-Thread Desktop Processor",4.8,2377.0,10000,476.5,476.5,Best Seller,Organic,No Coupon,Add to cart,2025-08-29,,https://m.media-amazon.com/images/I/71aHvYUgX1L._AC_UL320_.jpg,https://www.amazon.com/AMD-9800X3D-16-Thread-Desktop-Processor/dp/B0DKFMSMYK/ref=sr_1_45?dib=eyJ2IjoiMSJ9.LBpBsHuyfrR7CRIcNLKJuNd86w-xTsaEnYcIS2sQiWPBQ-THGMiZLsovvzc6zU2prrcV96oGOYrhT_X_YbP0XY6vdZMKx6b6N8yqNFNh9tVKkb00o7qDalFYVh2aC679dnx8SL_aC5fTv7utJL7qrEshg5lvQghQDR9_0RzNSAKdGCN2S1u8ibaV2lo7CdJtTfmt-FUXHp_DCDiwPbzQvERmPa_wSDQV9OtPye6EVsQfla4GRQw7U7svaPvZTR1zNo1Qa-wL96sYgjP7Mv76TK2r46jfH6HT2KrwVWEVXH4.70OxK_A5AwLXqpRAWujAtKePZBVX0Wf7SRjWmHqbtUI&dib_tag=se&qid=1755800083&refinements=p_n_g-101014971069111%3A119653281011&s=electronics&sr=1-45,2025-08-21 11:14:47,Laptops,0.0
"Seagate Portable 2TB External Hard Drive HDD — USB 3.0 for PC, Mac, PlayStation, & Xbox -1-Year Rescue Service (STGX2000400)",4.6,262557.0,10000,79.99,79.99,Best Seller,Organic,No Coupon,Add to cart,2025-08-29,,https://m.media-amazon.com/images/I/51WR+2ePklL._AC_UL320_.jpg,https://www.amazon.com/Seagate-Portable-External-Hard-Drive/dp/B07CRG94G3/ref=sr_1_46?dib=eyJ2IjoiMSJ9.LBpBsHuyfrR7CRIcNLKJuNd86w-xTsaEnYcIS2sQiWPBQ-THGMiZLsovvzc6zU2prrcV96oGOYrhT_X_YbP0XY6vdZMKx6b6N8yqNFNh9tVKkb00o7qDalFYVh2aC679dnx8SL_aC5fTv7utJL7qrEshg5lvQghQDR9_0RzNSAKdGCN2S1u8ibaV2lo7CdJtTfmt-FUXHp_DCDiwPbzQvERmPa_wSDQV9OtPye6EVsQfla4GRQw7U7svaPvZTR1zNo1Qa-wL96sYgjP7Mv76TK2r46jfH6HT2KrwVWEVXH4.70OxK_A5AwLXqpRAWujAtKePZBVX0Wf7SRjWmHqbtUI&dib_tag=se&qid=1755800083&refinements=p_n_g-101014971069111%3A119653281011&s=electronics&sr=1-46,2025-08-21 11:14:47,Storage,0.0
"Apple Pencil (USB-C): Device Compatibility Check Required - Pixel-Perfect Precision, Tilt Sensitivity, Perfect for Note-Taking, Drawing, and Signing Documents. Charges and Pairs with USB-C",4.6,6133.0,10000,97.49,97.49,No Badge,Organic,No Coupon,,,,https://m.media-amazon.com/images/I/41s9DmRSgcL._AC_UL320_.jpg,https://www.amazon.com/Apple-MUWA3AM-A-Pencil-USB-C/dp/B0CL7J12YK/ref=sr_1_47?dib=eyJ2IjoiMSJ9.LBpBsHuyfrR7CRIcNLKJuNd86w-xTsaEnYcIS2sQiWPBQ-THGMiZLsovvzc6zU2prrcV96oGOYrhT_X_YbP0XY6vdZMKx6b6N8yqNFNh9tVKkb00o7qDalFYVh2aC679dnx8SL_aC5fTv7utJL7qrEshg5lvQghQDR9_0RzNSAKdGCN2S1u8ibaV2lo7CdJtTfmt-FUXHp_DCDiwPbzQvERmPa_wSDQV9OtPye6EVsQfla4GRQw7U7svaPvZTR1zNo1Qa-wL96sYgjP7Mv76TK2r46jfH6HT2KrwVWEVXH4.70OxK_A5AwLXqpRAWujAtKePZBVX0Wf7SRjWmHqbtUI&dib_tag=se&qid=1755800083&refinements=p_n_g-101014971069111%3A119653281011&s=electronics&sr=1-47,2025-08-21 11:14:47,Phones,0.0
"HP 910 Cyan, Magenta, Yellow Ink Cartridges | Works with HP OfficeJet 8010, 8020 Series, HP OfficeJet Pro 8020, 8030 Series | Eligible for Instant Ink | 3YN97AN, 3 Count (Pack of 1)",4.6,18532.0,30000,47.89,47.89,No Badge,Organic,No Coupon,,,,https://m.media-amazon.com/images/I/718rOMHM-bS._AC_UL320_.jpg,https://www.amazon.com/HP-Magenta-Yellow-Cartridges-3YN97AN/dp/B07N3G1P55/ref=sr_1_48?dib=eyJ2IjoiMSJ9.LBpBsHuyfrR7CRIcNLKJuNd86w-xTsaEnYcIS2sQiWPBQ-THGMiZLsovvzc6zU2prrcV96oGOYrhT_X_YbP0XY6vdZMKx6b6N8yqNFNh9tVKkb00o7qDalFYVh2aC679dnx8SL_aC5fTv7utJL7qrEshg5lvQghQDR9_0RzNSAKdGCN2S1u8ibaV2lo7CdJtTfmt-FUXHp_DCDiwPbzQvERmPa_wSDQV9OtPye6EVsQfla4GRQw7U7svaPvZTR1zNo1Qa-wL96sYgjP7Mv76TK2r46jfH6HT2KrwVWEVXH4.70OxK_A5AwLXqpRAWujAtKePZBVX0Wf7SRjWmHqbtUI&dib_tag=se&qid=1755800083&refinements=p_n_g-101014971069111%3A119653281011&s=electronics&sr=1-48,2025-08-21 11:14:47,Laptops,0.0
"KODAK 10.1 Inch WiFi Digital Picture Frame,1280x800 HD IPS Touch Screen, Electronic Smart Photo Frame with 32 GB Memory, Auto-Rotate, Instantly Share Photos/Videos Anywhere",4.1,264.0,,85.99,85.99,No Badge,Sponsored,Save $16.00  with coupon,Add to cart,2025-09-01,,https://m.media-amazon.com/images/I/716bPrNJ0GL._AC_UL320_.jpg,https://www.amazon.com/sspa/click?ie=UTF8&spc=MTo0NDAxNDYzMjM5NDUwMTgxOjE3NTU4MDAwOTg6c3BfYXRmX2Jyb3dzZTozMDA4NDg3MTg3MDE1MDI6OjA6Og&url=%2FKODAK-1280x800-Electronic-Auto-Rotate-Instantly%2Fdp%2FB0DRFCFRBG%2Fref%3Dsr_1_49_sspa%3Fdib%3DeyJ2IjoiMSJ9.R5C5c127FAMdv1j0xqbs6pQ5u90xWfstqcsbRNCzQIb4GLIDNqBc9QICGz5G2hlK3Ei4xa8HM9MOiC50O99Ea9Tdm7L8BV5Au6cJ0jKmAwqyPSvx1TNiKmJrHm5K46m4RWUmHzORxPX0xqJDEaUlBv4ZuAZXPMtm4BYZTbNXBgQPPlcqbpxQ_uwbgfpZZG0wl-D4zEPfu2_vQ6smLwV2D5Huga-ancv_VerflS0cUKCqJaiAzhyhSBVdyedVp-mOthJTff1XghLSMKbjDoNwhPuKBTRIJJIJFjHMtTWpCFE.5MiUObWl1yD0ZNomdJloPRIABnFV2d46HgeYCCUygjY%26dib_tag%3Dse%26qid%3D1755800098%26refinements%3Dp_n_g-101014971069111%253A119653281011%26s%3Delectronics%26sr%3D1-49-spons%26sp_csd%3Dd2lkZ2V0TmFtZT1zcF9hdGZfYnJvd3Nl%26psc%3D1,2025-08-21 11:15:00,TV & Display,0.0
"PHILIPS TAT1108 Wireless Earbuds,True Wireless Headphones,Powerful Bass with 6 mm Driver,Clear Call with AI Mic,15-Hour Battery Life,Bluetooth v5.3,IPX4 Rating,Ergonomic Design for Comfort,Black",3.9,6335.0,500,29.99,32.72,No Badge,Sponsored,Save $10.00  with coupon,Add to cart,2025-08-29,,https://m.media-amazon.com/images/I/61nxbYHTWKL._AC_UL320_.jpg,https://www.amazon.com/sspa/click?ie=UTF8&spc=MTo0NDAxNDYzMjM5NDUwMTgxOjE3NTU4MDAwOTg6c3BfYXRmX2Jyb3dzZTozMDA1MTI5MjUxMTkwMDI6OjA6Og&url=%2FPHILIPS-TAT1108BK-True-Wireless-Headphones%2Fdp%2FB0CCYKMKGY%2Fref%3Dsr_1_50_sspa%3Fdib%3DeyJ2IjoiMSJ9.R5C5c127FAMdv1j0xqbs6pQ5u90xWfstqcsbRNCzQIb4GLIDNqBc9QICGz5G2hlK3Ei4xa8HM9MOiC50O99Ea9Tdm7L8BV5Au6cJ0jKmAwqyPSvx1TNiKmJrHm5K46m4RWUmHzORxPX0xqJDEaUlBv4ZuAZXPMtm4BYZTbNXBgQPPlcqbpxQ_uwbgfpZZG0wl-D4zEPfu2_vQ6smLwV2D5Huga-ancv_VerflS0cUKCqJaiAzhyhSBVdyedVp-mOthJTff1XghLSMKbjDoNwhPuKBTRIJJIJFjHMtTWpCFE.5MiUObWl1yD0ZNomdJloPRIABnFV2d46HgeYCCUygjY%26dib_tag%3Dse%26qid%3D1755800098%26refinements%3Dp_n_g-101014971069111%253A119653281011%26s%3Delectronics%26sr%3D1-50-spons%26sp_csd%3Dd2lkZ2V0TmFtZT1zcF9hdGZfYnJvd3Nl%26psc%3D1,2025-08-21 11:15:00,Phones,8.34
"Sanus Height Adjustable Speaker Stand for Sonos Era 300™ - 17"" Height Adjustment Sonos Stand Includes Carpet Spikes & Rubber Pads - Easy DIY Install Comes w/All Hardware - White",4.4,45.0,,179.99,179.99,No Badge,Sponsored,No Coupon,Add to cart,2025-09-01,,https://m.media-amazon.com/images/I/61BRELwvyXL._AC_UL320_.jpg,https://www.amazon.com/sspa/click?ie=UTF8&spc=MTo0NDAxNDYzMjM5NDUwMTgxOjE3NTU4MDAwOTg6c3BfYXRmX2Jyb3dzZTozMDAwNDY5Nzg0MDQzMDI6OjA6Og&url=%2FSanus-Height-Adjustable-Speaker-Stand%2Fdp%2FB0CCG78PTW%2Fref%3Dsr_1_51_sspa%3Fdib%3DeyJ2IjoiMSJ9.R5C5c127FAMdv1j0xqbs6pQ5u90xWfstqcsbRNCzQIb4GLIDNqBc9QICGz5G2hlK3Ei4xa8HM9MOiC50O99Ea9Tdm7L8BV5Au6cJ0jKmAwqyPSvx1TNiKmJrHm5K46m4RWUmHzORxPX0xqJDEaUlBv4ZuAZXPMtm4BYZTbNXBgQPPlcqbpxQ_uwbgfpZZG0wl-D4zEPfu2_vQ6smLwV2D5Huga-ancv_VerflS0cUKCqJaiAzhyhSBVdyedVp-mOthJTff1XghLSMKbjDoNwhPuKBTRIJJIJFjHMtTWpCFE.5MiUObWl1yD0ZNomdJloPRIABnFV2d46HgeYCCUygjY%26dib_tag%3Dse%26qid%3D1755800098%26refinements%3Dp_n_g-101014971069111%253A119653281011%26s%3Delectronics%26sr%3D1-51-spons%26sp_csd%3Dd2lkZ2V0TmFtZT1zcF9hdGZfYnJvd3Nl%26psc%3D1,2025-08-21 11:15:00,Speakers,0.0
"HP 910XL Black High-yield Ink Cartridge for HP Printers | Works with Printer Series: OfficeJet 8010, 8020; OfficeJet Pro 8020, 8030 | Eligible for Instant Ink | 3YL65AN",4.6,24117.0,20000,52.89,71.87,No Badge,Organic,No Coupon,Add to cart,2025-09-01,,https://m.media-amazon.com/images/I/71-Eh6P5WfL._AC_UL320_.jpg,https://www.amazon.com/HP-910XL-Original-Cartridge-3YL65AN/dp/B07N3FYTW5/ref=sr_1_52?dib=eyJ2IjoiMSJ9.R5C5c127FAMdv1j0xqbs6pQ5u90xWfstqcsbRNCzQIb4GLIDNqBc9QICGz5G2hlK3Ei4xa8HM9MOiC50O99Ea9Tdm7L8BV5Au6cJ0jKmAwqyPSvx1TNiKmJrHm5K46m4RWUmHzORxPX0xqJDEaUlBv4ZuAZXPMtm4BYZTbNXBgQPPlcqbpxQ_uwbgfpZZG0wl-D4zEPfu2_vQ6smLwV2D5Huga-ancv_VerflS0cUKCqJaiAzhyhSBVdyedVp-mOthJTff1XghLSMKbjDoNwhPuKBTRIJJIJFjHMtTWpCFE.5MiUObWl1yD0ZNomdJloPRIABnFV2d46HgeYCCUygjY&dib_tag=se&qid=1755800098&refinements=p_n_g-101014971069111%3A119653281011&s=electronics&sr=1-52,2025-08-21 11:15:00,Laptops,26.41
"Apple iPad Air 11-inch with M3 chip Built for Apple Intelligence, Liquid Retina Display, 128GB, 12MP Front/Back Camera, Wi-Fi 6E, Touch ID, All-Day Battery Life — Space Gray",4.8,1553.0,6000,514.28,514.28,No Badge,Organic,No Coupon,,,Energy efficiency,https://m.media-amazon.com/images/I/710GQJJHx2L._AC_UL320_.jpg,https://www.amazon.com/Apple-11-inch-Intelligence-Display-All-Day/dp/B0DZ76BN5D/ref=sr_1_53?dib=eyJ2IjoiMSJ9.R5C5c127FAMdv1j0xqbs6pQ5u90xWfstqcsbRNCzQIb4GLIDNqBc9QICGz5G2hlK3Ei4xa8HM9MOiC50O99Ea9Tdm7L8BV5Au6cJ0jKmAwqyPSvx1TNiKmJrHm5K46m4RWUmHzORxPX0xqJDEaUlBv4ZuAZXPMtm4BYZTbNXBgQPPlcqbpxQ_uwbgfpZZG0wl-D4zEPfu2_vQ6smLwV2D5Huga-ancv_VerflS0cUKCqJaiAzhyhSBVdyedVp-mOthJTff1XghLSMKbjDoNwhPuKBTRIJJIJFjHMtTWpCFE.5MiUObWl1yD0ZNomdJloPRIABnFV2d46HgeYCCUygjY&dib_tag=se&qid=1755800098&refinements=p_n_g-101014971069111%3A119653281011&s=electronics&sr=1-53,2025-08-21 11:15:00,Laptops,0.0
"Amazon Basics 8-Pack 9V Alkaline Batteries, 5-Year Shelf Life - for Smoke/CO Detector, Electronics & Audio",4.7,231583.0,60000,12.69,12.69,Best Seller,Organic,No Coupon,Add to cart,2025-08-29,Safer chemicals +1 more,https://m.media-amazon.com/images/I/71AOFGRrOtL._AC_UL320_.jpg,,2025-08-21 11:15:00,Other Electronics,0.0
"VIZIO 40-inch Full HD 1080p Smart TV with DTS Virtual: X, Alexa Compatibility, Google Cast Built-in, Bluetooth Headphone Capable, (VFD40M-08 New)",4.1,4856.0,10000,138.0,169.99,Best Seller,Organic,No Coupon,Add to cart,2025-09-01,,https://m.media-amazon.com/images/I/81NLMdXhvrL._AC_UL320_.jpg,https://www.amazon.com/VIZIO-40-inch-1080p-Virtual-Built/dp/B0CXG3HMX1/ref=sr_1_55?dib=eyJ2IjoiMSJ9.R5C5c127FAMdv1j0xqbs6pQ5u90xWfstqcsbRNCzQIb4GLIDNqBc9QICGz5G2hlK3Ei4xa8HM9MOiC50O99Ea9Tdm7L8BV5Au6cJ0jKmAwqyPSvx1TNiKmJrHm5K46m4RWUmHzORxPX0xqJDEaUlBv4ZuAZXPMtm4BYZTbNXBgQPPlcqbpxQ_uwbgfpZZG0wl-D4zEPfu2_vQ6smLwV2D5Huga-ancv_VerflS0cUKCqJaiAzhyhSBVdyedVp-mOthJTff1XghLSMKbjDoNwhPuKBTRIJJIJFjHMtTWpCFE.5MiUObWl1yD0ZNomdJloPRIABnFV2d46HgeYCCUygjY&dib_tag=se&qid=1755800098&refinements=p_n_g-101014971069111%3A119653281011&s=electronics&sr=1-55,2025-08-21 11:15:00,Phones,18.82
"HP Original 910 Cyan, Magenta, Yellow / 910XL Black Ink Cartridges (4-Pack) | Works OfficeJet 8010, 8020 Series OfficeJet Pro 8020, 8030 Series | Eligible for Instant Ink | 3JB41AN",4.6,6931.0,20000,106.89,106.89,No Badge,Organic,No Coupon,Add to cart,2025-08-29,,https://m.media-amazon.com/images/I/710tOwxuVvL._AC_UL320_.jpg,https://www.amazon.com/HP-Magenta-Yellow-Cartridges-3JB41AN/dp/B07SZKCGFJ/ref=sr_1_56?dib=eyJ2IjoiMSJ9.R5C5c127FAMdv1j0xqbs6pQ5u90xWfstqcsbRNCzQIb4GLIDNqBc9QICGz5G2hlK3Ei4xa8HM9MOiC50O99Ea9Tdm7L8BV5Au6cJ0jKmAwqyPSvx1TNiKmJrHm5K46m4RWUmHzORxPX0xqJDEaUlBv4ZuAZXPMtm4BYZTbNXBgQPPlcqbpxQ_uwbgfpZZG0wl-D4zEPfu2_vQ6smLwV2D5Huga-ancv_VerflS0cUKCqJaiAzhyhSBVdyedVp-mOthJTff1XghLSMKbjDoNwhPuKBTRIJJIJFjHMtTWpCFE.5MiUObWl1yD0ZNomdJloPRIABnFV2d46HgeYCCUygjY&dib_tag=se&qid=1755800098&refinements=p_n_g-101014971069111%3A119653281011&s=electronics&sr=1-56,2025-08-21 11:15:00,Laptops,0.0
"Aquaphor Baby Healing Ointment Advanced Therapy Skin Protectant for Chapped or Dry Skin, Drool Rash and Diaper Rash Ointment, 14 Oz Jar",4.8,54759.0,40000,17.99,17.99,No Badge,Organic,No Coupon,,,,https://m.media-amazon.com/images/I/51Ipu3F2hQL._AC_UL320_.jpg,,2025-08-21 11:15:00,Other Electronics,0.0
"Logitech Brio 101 Full HD 1080p Webcam for Meetings, Streaming, Desktop, Laptop, PC - Built-in Mic, Shutter, USB-A, Teams, Zoom - Black",4.4,24693.0,10000,39.59,39.59,Best Seller,Organic,No Coupon,Add to cart,2025-08-29,Carbon impact,https://m.media-amazon.com/images/I/71A0Pp767BL._AC_UL320_.jpg,https://www.amazon.com/Logitech-Webcam-Meetings-Streaming-Built/dp/B0BXGFFSL1/ref=sr_1_58?dib=eyJ2IjoiMSJ9.R5C5c127FAMdv1j0xqbs6pQ5u90xWfstqcsbRNCzQIb4GLIDNqBc9QICGz5G2hlK3Ei4xa8HM9MOiC50O99Ea9Tdm7L8BV5Au6cJ0jKmAwqyPSvx1TNiKmJrHm5K46m4RWUmHzORxPX0xqJDEaUlBv4ZuAZXPMtm4BYZTbNXBgQPPlcqbpxQ_uwbgfpZZG0wl-D4zEPfu2_vQ6smLwV2D5Huga-ancv_VerflS0cUKCqJaiAzhyhSBVdyedVp-mOthJTff1XghLSMKbjDoNwhPuKBTRIJJIJFjHMtTWpCFE.5MiUObWl1yD0ZNomdJloPRIABnFV2d46HgeYCCUygjY&dib_tag=se&qid=1755800098&refinements=p_n_g-101014971069111%3A119653281011&s=electronics&sr=1-58,2025-08-21 11:15:00,Laptops,0.0
"Apple 2024 MacBook Pro Laptop with M4 Pro, 12-core CPU, 16-core GPU: Built for Apple Intelligence, 14.2-inch Liquid Retina XDR Display, 24GB Unified Memory, 512GB SSD Storage; Space Black",4.8,1212.0,2000,1647.21,1647.21,No Badge,Organic,No Coupon,,,Energy efficiency,https://m.media-amazon.com/images/I/61-oTP1X4rL._AC_UL320_.jpg,https://www.amazon.com/Apple-MacBook-Laptop-12-core-16-core/dp/B0DLHY2BJ6/ref=sr_1_59?dib=eyJ2IjoiMSJ9.R5C5c127FAMdv1j0xqbs6pQ5u90xWfstqcsbRNCzQIb4GLIDNqBc9QICGz5G2hlK3Ei4xa8HM9MOiC50O99Ea9Tdm7L8BV5Au6cJ0jKmAwqyPSvx1TNiKmJrHm5K46m4RWUmHzORxPX0xqJDEaUlBv4ZuAZXPMtm4BYZTbNXBgQPPlcqbpxQ_uwbgfpZZG0wl-D4zEPfu2_vQ6smLwV2D5Huga-ancv_VerflS0cUKCqJaiAzhyhSBVdyedVp-mOthJTff1XghLSMKbjDoNwhPuKBTRIJJIJFjHMtTWpCFE.5MiUObWl1yD0ZNomdJloPRIABnFV2d46HgeYCCUygjY&dib_tag=se&qid=1755800098&refinements=p_n_g-101014971069111%3A119653281011&s=electronics&sr=1-59,2025-08-21 11:15:00,Laptops,0.0
Roku Streaming Stick Plus 2025 - 4K & HDR Roku Streaming Device for TV with Voice Remote - Free & Live TV,4.5,744.0,10000,44.99,44.99,No Badge,Organic,No Coupon,,,Works with Alexa,https://m.media-amazon.com/images/I/71gFPvNe5KL._AC_UL320_.jpg,https://www.amazon.com/Roku-Streaming-Stick-Plus-2025/dp/B0DXY833HV/ref=sr_1_60?dib=eyJ2IjoiMSJ9.R5C5c127FAMdv1j0xqbs6pQ5u90xWfstqcsbRNCzQIb4GLIDNqBc9QICGz5G2hlK3Ei4xa8HM9MOiC50O99Ea9Tdm7L8BV5Au6cJ0jKmAwqyPSvx1TNiKmJrHm5K46m4RWUmHzORxPX0xqJDEaUlBv4ZuAZXPMtm4BYZTbNXBgQPPlcqbpxQ_uwbgfpZZG0wl-D4zEPfu2_vQ6smLwV2D5Huga-ancv_VerflS0cUKCqJaiAzhyhSBVdyedVp-mOthJTff1XghLSMKbjDoNwhPuKBTRIJJIJFjHMtTWpCFE.5MiUObWl1yD0ZNomdJloPRIABnFV2d46HgeYCCUygjY&dib_tag=se&qid=1755800098&refinements=p_n_g-101014971069111%3A119653281011&s=electronics&sr=1-60,2025-08-21 11:15:00,TV & Display,0.0
Meta Quest 3 512GB | Thirty Percent Sharper Resolution — 2X Graphical Processing Power — Play Without Wires — Get Batman: Arkham Shadow and a 3-Month Trial of Meta Horizon+ Included,4.5,3316.0,9000,485.05,485.05,Best Seller,Organic,No Coupon,,,,https://m.media-amazon.com/images/I/71RlrkTSOmL._AC_UL320_.jpg,https://www.amazon.com/Meta-Quest-512GB-Ultimate-Experiences-Included/dp/B0DDWH41HB/ref=sr_1_61?dib=eyJ2IjoiMSJ9.R5C5c127FAMdv1j0xqbs6pQ5u90xWfstqcsbRNCzQIb4GLIDNqBc9QICGz5G2hlK3Ei4xa8HM9MOiC50O99Ea9Tdm7L8BV5Au6cJ0jKmAwqyPSvx1TNiKmJrHm5K46m4RWUmHzORxPX0xqJDEaUlBv4ZuAZXPMtm4BYZTbNXBgQPPlcqbpxQ_uwbgfpZZG0wl-D4zEPfu2_vQ6smLwV2D5Huga-ancv_VerflS0cUKCqJaiAzhyhSBVdyedVp-mOthJTff1XghLSMKbjDoNwhPuKBTRIJJIJFjHMtTWpCFE.5MiUObWl1yD0ZNomdJloPRIABnFV2d46HgeYCCUygjY&dib_tag=se&qid=1755800098&refinements=p_n_g-101014971069111%3A119653281011&s=electronics&sr=1-61,2025-08-21 11:15:00,Other Electronics,0.0
"Original HP 962 Cyan, Magenta, Yellow / 962XL Black Ink Cartridges (4-Pack) | Works with HP OfficeJet 9010 Series, HP OfficeJet Pro 9010, 9020 Series",4.6,6350.0,10000,154.89,154.89,No Badge,Organic,No Coupon,Add to cart,2025-08-29,,https://m.media-amazon.com/images/I/71V786Mv6YL._AC_UL320_.jpg,https://www.amazon.com/HP-Magenta-Original-Cartridges-3JB34AN/dp/B07T2S3D6J/ref=sr_1_62?dib=eyJ2IjoiMSJ9.R5C5c127FAMdv1j0xqbs6pQ5u90xWfstqcsbRNCzQIb4GLIDNqBc9QICGz5G2hlK3Ei4xa8HM9MOiC50O99Ea9Tdm7L8BV5Au6cJ0jKmAwqyPSvx1TNiKmJrHm5K46m4RWUmHzORxPX0xqJDEaUlBv4ZuAZXPMtm4BYZTbNXBgQPPlcqbpxQ_uwbgfpZZG0wl-D4zEPfu2_vQ6smLwV2D5Huga-ancv_VerflS0cUKCqJaiAzhyhSBVdyedVp-mOthJTff1XghLSMKbjDoNwhPuKBTRIJJIJFjHMtTWpCFE.5MiUObWl1yD0ZNomdJloPRIABnFV2d46HgeYCCUygjY&dib_tag=se&qid=1755800098&refinements=p_n_g-101014971069111%3A119653281011&s=electronics&sr=1-62,2025-08-21 11:15:00,Laptops,0.0
"Anker iPhone 16 Charger, 2-Pack 20W Fast USB C Charger Block, for iPhone 16/16 Pro Max/15 Series/iPad Pro and More (Black, 2 Pack & 2 Cable)",4.6,19724.0,10000,11.89,18.99,Amazon's,Organic,No Coupon,Add to cart,2025-09-04,Carbon impact,https://m.media-amazon.com/images/I/719R46dVUTL._AC_UL320_.jpg,https://www.amazon.com/iPhone-Charger-Anker-AirPods-Included/dp/B0C8HHV9DK/ref=sr_1_63?dib=eyJ2IjoiMSJ9.R5C5c127FAMdv1j0xqbs6pQ5u90xWfstqcsbRNCzQIb4GLIDNqBc9QICGz5G2hlK3Ei4xa8HM9MOiC50O99Ea9Tdm7L8BV5Au6cJ0jKmAwqyPSvx1TNiKmJrHm5K46m4RWUmHzORxPX0xqJDEaUlBv4ZuAZXPMtm4BYZTbNXBgQPPlcqbpxQ_uwbgfpZZG0wl-D4zEPfu2_vQ6smLwV2D5Huga-ancv_VerflS0cUKCqJaiAzhyhSBVdyedVp-mOthJTff1XghLSMKbjDoNwhPuKBTRIJJIJFjHMtTWpCFE.5MiUObWl1yD0ZNomdJloPRIABnFV2d46HgeYCCUygjY&dib_tag=se&qid=1755800098&refinements=p_n_g-101014971069111%3A119653281011&s=electronics&sr=1-63,2025-08-21 11:15:00,Phones,37.39
"Peak Design Slide Lite Camera Strap, Black, Configurable as a Sling, Neck or Shoulder Strap, Quick Release and Connection, Smooth and Grippy Side, Camera Straps for Photographers, 200 lb Capacity",4.7,7235.0,500,69.95,69.95,No Badge,Sponsored,No Coupon,Add to cart,2025-08-29,Small Business,https://m.media-amazon.com/images/I/61wslWB9gBL._AC_UL320_.jpg,https://www.amazon.com/sspa/click?ie=UTF8&spc=MTo0NDAxNDYzMjM5NDUwMTgxOjE3NTU4MDAwOTg6c3BfbXRmX2Jyb3dzZTozMDA4MDk4MzU3NTE4MDI6OjA6Og&url=%2FPeak-Design-Slide-Camera-SLL-BK-3%2Fdp%2FB0781RYKTW%2Fref%3Dsr_1_64_sspa%3Fdib%3DeyJ2IjoiMSJ9.R5C5c127FAMdv1j0xqbs6pQ5u90xWfstqcsbRNCzQIb4GLIDNqBc9QICGz5G2hlK3Ei4xa8HM9MOiC50O99Ea9Tdm7L8BV5Au6cJ0jKmAwqyPSvx1TNiKmJrHm5K46m4RWUmHzORxPX0xqJDEaUlBv4ZuAZXPMtm4BYZTbNXBgQPPlcqbpxQ_uwbgfpZZG0wl-D4zEPfu2_vQ6smLwV2D5Huga-ancv_VerflS0cUKCqJaiAzhyhSBVdyedVp-mOthJTff1XghLSMKbjDoNwhPuKBTRIJJIJFjHMtTWpCFE.5MiUObWl1yD0ZNomdJloPRIABnFV2d46HgeYCCUygjY%26dib_tag%3Dse%26qid%3D1755800098%26refinements%3Dp_n_g-101014971069111%253A119653281011%26s%3Delectronics%26sr%3D1-64-spons%26sp_csd%3Dd2lkZ2V0TmFtZT1zcF9tdGZfYnJvd3Nl%26psc%3D1,2025-08-21 11:15:00,Cameras,0.0
"Razer Seiren V3 Chroma RGB USB Microphone: Stream & Game Reactive Lighting - Tap-to-Mute Sensor - Condenser Mic - Digital Gain Limiter & Shock Absorber - PC, Discord, OBS Studio, XSplit - Quartz Pink",4.5,171.0,,134.39,134.39,No Badge,Sponsored,No Coupon,Add to cart,2025-09-01,Manufacturing practices,https://m.media-amazon.com/images/I/613TxRU5DpL._AC_UL320_.jpg,https://www.amazon.com/sspa/click?ie=UTF8&spc=MTo0NDAxNDYzMjM5NDUwMTgxOjE3NTU4MDAwOTg6c3BfbXRmX2Jyb3dzZTozMDA4NTYzMDEyODM5MDI6OjA6Og&url=%2FRazer-Seiren-Chroma-Microphone-Mute%2Fdp%2FB0CT7BK716%2Fref%3Dsr_1_65_sspa%3Fdib%3DeyJ2IjoiMSJ9.R5C5c127FAMdv1j0xqbs6pQ5u90xWfstqcsbRNCzQIb4GLIDNqBc9QICGz5G2hlK3Ei4xa8HM9MOiC50O99Ea9Tdm7L8BV5Au6cJ0jKmAwqyPSvx1TNiKmJrHm5K46m4RWUmHzORxPX0xqJDEaUlBv4ZuAZXPMtm4BYZTbNXBgQPPlcqbpxQ_uwbgfpZZG0wl-D4zEPfu2_vQ6smLwV2D5Huga-ancv_VerflS0cUKCqJaiAzhyhSBVdyedVp-mOthJTff1XghLSMKbjDoNwhPuKBTRIJJIJFjHMtTWpCFE.5MiUObWl1yD0ZNomdJloPRIABnFV2d46HgeYCCUygjY%26dib_tag%3Dse%26qid%3D1755800098%26refinements%3Dp_n_g-101014971069111%253A119653281011%26s%3Delectronics%26sr%3D1-65-spons%26sp_csd%3Dd2lkZ2V0TmFtZT1zcF9tdGZfYnJvd3Nl%26psc%3D1,2025-08-21 11:15:00,Phones,0.0
Escort MAX 360c Radar Detector with Extra Mount & OBDII Cord Bundle,4.4,1465.0,50,569.95,569.95,No Badge,Sponsored,No Coupon,Add to cart,2025-09-01,,https://m.media-amazon.com/images/I/615VjMyXnWL._AC_UL320_.jpg,https://www.amazon.com/sspa/click?ie=UTF8&spc=MTo0NDAxNDYzMjM5NDUwMTgxOjE3NTU4MDAwOTg6c3BfbXRmX2Jyb3dzZTozMDA4MzU4ODIxNDEzMDI6OjA6Og&url=%2FEscort-Radar-Detector-Extra-Bundle%2Fdp%2FB0FGDWPKK2%2Fref%3Dsr_1_66_sspa%3Fdib%3DeyJ2IjoiMSJ9.R5C5c127FAMdv1j0xqbs6pQ5u90xWfstqcsbRNCzQIb4GLIDNqBc9QICGz5G2hlK3Ei4xa8HM9MOiC50O99Ea9Tdm7L8BV5Au6cJ0jKmAwqyPSvx1TNiKmJrHm5K46m4RWUmHzORxPX0xqJDEaUlBv4ZuAZXPMtm4BYZTbNXBgQPPlcqbpxQ_uwbgfpZZG0wl-D4zEPfu2_vQ6smLwV2D5Huga-ancv_VerflS0cUKCqJaiAzhyhSBVdyedVp-mOthJTff1XghLSMKbjDoNwhPuKBTRIJJIJFjHMtTWpCFE.5MiUObWl1yD0ZNomdJloPRIABnFV2d46HgeYCCUygjY%26dib_tag%3Dse%26qid%3D1755800098%26refinements%3Dp_n_g-101014971069111%253A119653281011%26s%3Delectronics%26sr%3D1-66-spons%26sp_csd%3Dd2lkZ2V0TmFtZT1zcF9tdGZfYnJvd3Nl%26psc%3D1,2025-08-21 11:15:00,Other Electronics,0.0
"HP Printer Paper | 8.5 x 11 Paper | Office 20 lb | 3 Ream Case - 1500 Sheets | 92 Bright | Made in USA - FSC Certified | 112090C, White",4.8,48326.0,40000,19.99,21.44,No Badge,Organic,No Coupon,Add to cart,2025-08-29,Forestry practices,https://m.media-amazon.com/images/I/71Ui3dxCZ9L._AC_UL320_.jpg,https://www.amazon.com/HP-Printer-Paper-Office20-112090C/dp/B01FIK0PXI/ref=sr_1_67?dib=eyJ2IjoiMSJ9.R5C5c127FAMdv1j0xqbs6pQ5u90xWfstqcsbRNCzQIb4GLIDNqBc9QICGz5G2hlK3Ei4xa8HM9MOiC50O99Ea9Tdm7L8BV5Au6cJ0jKmAwqyPSvx1TNiKmJrHm5K46m4RWUmHzORxPX0xqJDEaUlBv4ZuAZXPMtm4BYZTbNXBgQPPlcqbpxQ_uwbgfpZZG0wl-D4zEPfu2_vQ6smLwV2D5Huga-ancv_VerflS0cUKCqJaiAzhyhSBVdyedVp-mOthJTff1XghLSMKbjDoNwhPuKBTRIJJIJFjHMtTWpCFE.5MiUObWl1yD0ZNomdJloPRIABnFV2d46HgeYCCUygjY&dib_tag=se&qid=1755800098&refinements=p_n_g-101014971069111%3A119653281011&s=electronics&sr=1-67,2025-08-21 11:15:00,Laptops,6.76
"Amazon Basics 9 inch Thermal Laminator Machine for Documents and Photos, Easy to Use for Home Office or School, White",4.6,2740.0,40000,20.69,29.99,Best Seller,Organic,No Coupon,Add to cart,2025-09-01,,https://m.media-amazon.com/images/I/61OJ1l3YGyL._AC_UL320_.jpg,https://www.amazon.com/Amazon-Basics-Thermal-Laminator-Machine/dp/B09RBHPLB7/ref=sr_1_68?dib=eyJ2IjoiMSJ9.R5C5c127FAMdv1j0xqbs6pQ5u90xWfstqcsbRNCzQIb4GLIDNqBc9QICGz5G2hlK3Ei4xa8HM9MOiC50O99Ea9Tdm7L8BV5Au6cJ0jKmAwqyPSvx1TNiKmJrHm5K46m4RWUmHzORxPX0xqJDEaUlBv4ZuAZXPMtm4BYZTbNXBgQPPlcqbpxQ_uwbgfpZZG0wl-D4zEPfu2_vQ6smLwV2D5Huga-ancv_VerflS0cUKCqJaiAzhyhSBVdyedVp-mOthJTff1XghLSMKbjDoNwhPuKBTRIJJIJFjHMtTWpCFE.5MiUObWl1yD0ZNomdJloPRIABnFV2d46HgeYCCUygjY&dib_tag=se&qid=1755800098&refinements=p_n_g-101014971069111%3A119653281011&s=electronics&sr=1-68,2025-08-21 11:15:00,Other Electronics,31.01
"Apple 20W USB-C Compact Power Adapter: Fast and Convenient Charging, Type C Wall Charger",4.8,5591.0,10000,13.45,13.45,No Badge,Organic,No Coupon,,,,https://m.media-amazon.com/images/I/31EQge6IQQL._AC_UL320_.jpg,https://www.amazon.com/Apple-20W-USB-C-Power-Adapter/dp/B0DJFW7PNM/ref=sr_1_69?dib=eyJ2IjoiMSJ9.R5C5c127FAMdv1j0xqbs6pQ5u90xWfstqcsbRNCzQIb4GLIDNqBc9QICGz5G2hlK3Ei4xa8HM9MOiC50O99Ea9Tdm7L8BV5Au6cJ0jKmAwqyPSvx1TNiKmJrHm5K46m4RWUmHzORxPX0xqJDEaUlBv4ZuAZXPMtm4BYZTbNXBgQPPlcqbpxQ_uwbgfpZZG0wl-D4zEPfu2_vQ6smLwV2D5Huga-ancv_VerflS0cUKCqJaiAzhyhSBVdyedVp-mOthJTff1XghLSMKbjDoNwhPuKBTRIJJIJFjHMtTWpCFE.5MiUObWl1yD0ZNomdJloPRIABnFV2d46HgeYCCUygjY&dib_tag=se&qid=1755800098&refinements=p_n_g-101014971069111%3A119653281011&s=electronics&sr=1-69,2025-08-21 11:15:00,Chargers & Cables,0.0
"Apple 2024 Mac mini Desktop Computer with M4 chip with 10‑core CPU and 10‑core GPU: Built for Apple Intelligence, 16GB Unified Memory, 256GB SSD Storage, Gigabit Ethernet. Works with iPhone/iPad",4.8,1356.0,5000,540.75,540.75,Best Seller,Organic,No Coupon,,,Energy efficiency,https://m.media-amazon.com/images/I/615y53Ws-NL._AC_UL320_.jpg,https://www.amazon.com/Apple-2024-Desktop-Computer-10%E2%80%91core/dp/B0DLBTPDCS/ref=sr_1_70?dib=eyJ2IjoiMSJ9.R5C5c127FAMdv1j0xqbs6pQ5u90xWfstqcsbRNCzQIb4GLIDNqBc9QICGz5G2hlK3Ei4xa8HM9MOiC50O99Ea9Tdm7L8BV5Au6cJ0jKmAwqyPSvx1TNiKmJrHm5K46m4RWUmHzORxPX0xqJDEaUlBv4ZuAZXPMtm4BYZTbNXBgQPPlcqbpxQ_uwbgfpZZG0wl-D4zEPfu2_vQ6smLwV2D5Huga-ancv_VerflS0cUKCqJaiAzhyhSBVdyedVp-mOthJTff1XghLSMKbjDoNwhPuKBTRIJJIJFjHMtTWpCFE.5MiUObWl1yD0ZNomdJloPRIABnFV2d46HgeYCCUygjY&dib_tag=se&qid=1755800098&refinements=p_n_g-101014971069111%3A119653281011&s=electronics&sr=1-70,2025-08-21 11:15:00,Laptops,0.0
"Logitech M185 Wireless Mouse, 2.4GHz with USB Mini Receiver, 12-Month Battery Life, 1000 DPI Optical Tracking, Ambidextrous PC/Mac/Laptop - Swift Grey",4.5,43204.0,10000,11.98,11.98,Best Seller,Organic,No Coupon,,,Carbon impact,https://m.media-amazon.com/images/I/51WN5aXZWIL._AC_UL320_.jpg,https://www.amazon.com/Logitech-Wireless-Mouse-M185-Swift/dp/B004YAVF8I/ref=sr_1_71?dib=eyJ2IjoiMSJ9.R5C5c127FAMdv1j0xqbs6pQ5u90xWfstqcsbRNCzQIb4GLIDNqBc9QICGz5G2hlK3Ei4xa8HM9MOiC50O99Ea9Tdm7L8BV5Au6cJ0jKmAwqyPSvx1TNiKmJrHm5K46m4RWUmHzORxPX0xqJDEaUlBv4ZuAZXPMtm4BYZTbNXBgQPPlcqbpxQ_uwbgfpZZG0wl-D4zEPfu2_vQ6smLwV2D5Huga-ancv_VerflS0cUKCqJaiAzhyhSBVdyedVp-mOthJTff1XghLSMKbjDoNwhPuKBTRIJJIJFjHMtTWpCFE.5MiUObWl1yD0ZNomdJloPRIABnFV2d46HgeYCCUygjY&dib_tag=se&qid=1755800098&refinements=p_n_g-101014971069111%3A119653281011&s=electronics&sr=1-71,2025-08-21 11:15:00,Laptops,0.0
"HP 936 Black, Cyan, Magenta, Yellow Ink Cartridges Printers (4-Pack) | Works with OfficeJet 9120, OfficeJet Pro 9110, 9120, 9130, Wide Format 9730 | Eligible for Instant Ink | 6C3Z5LN",4.6,885.0,10000,135.0,135.0,No Badge,Organic,No Coupon,Add to cart,2025-08-29,,https://m.media-amazon.com/images/I/61Vrz4MFoYL._AC_UL320_.jpg,https://www.amazon.com/HP-Cartridges-OfficeJet-Eligible-6C3Z5LN/dp/B0CJCG8QKB/ref=sr_1_72?dib=eyJ2IjoiMSJ9.R5C5c127FAMdv1j0xqbs6pQ5u90xWfstqcsbRNCzQIb4GLIDNqBc9QICGz5G2hlK3Ei4xa8HM9MOiC50O99Ea9Tdm7L8BV5Au6cJ0jKmAwqyPSvx1TNiKmJrHm5K46m4RWUmHzORxPX0xqJDEaUlBv4ZuAZXPMtm4BYZTbNXBgQPPlcqbpxQ_uwbgfpZZG0wl-D4zEPfu2_vQ6smLwV2D5Huga-ancv_VerflS0cUKCqJaiAzhyhSBVdyedVp-mOthJTff1XghLSMKbjDoNwhPuKBTRIJJIJFjHMtTWpCFE.5MiUObWl1yD0ZNomdJloPRIABnFV2d46HgeYCCUygjY&dib_tag=se&qid=1755800098&refinements=p_n_g-101014971069111%3A119653281011&s=electronics&sr=1-72,2025-08-21 11:15:00,Laptops,0.0
"Samsung 990 PRO SSD NVMe M.2 PCIe Gen4, M.2 2280 Internal Solid State Hard Drive, Seq. Read Speeds Up to 7,450 MB/s for High End Computing, Gaming, and Heavy Duty Workstations, MZ-V9P2T0B/AM",4.7,14168.0,10000,149.99,199.99,No Badge,Organic,No Coupon,Add to cart,2025-08-29,,https://m.media-amazon.com/images/I/71OWtcxKgvL._AC_UL320_.jpg,https://www.amazon.com/SAMSUNG-Internal-Expansion-MZ-V9P2T0B-AM/dp/B0BHJJ9Y77/ref=sr_1_73?dib=eyJ2IjoiMSJ9.R5C5c127FAMdv1j0xqbs6pQ5u90xWfstqcsbRNCzQIb4GLIDNqBc9QICGz5G2hlK3Ei4xa8HM9MOiC50O99Ea9Tdm7L8BV5Au6cJ0jKmAwqyPSvx1TNiKmJrHm5K46m4RWUmHzORxPX0xqJDEaUlBv4ZuAZXPMtm4BYZTbNXBgQPPlcqbpxQ_uwbgfpZZG0wl-D4zEPfu2_vQ6smLwV2D5Huga-ancv_VerflS0cUKCqJaiAzhyhSBVdyedVp-mOthJTff1XghLSMKbjDoNwhPuKBTRIJJIJFjHMtTWpCFE.5MiUObWl1yD0ZNomdJloPRIABnFV2d46HgeYCCUygjY&dib_tag=se&qid=1755800098&refinements=p_n_g-101014971069111%3A119653281011&s=electronics&sr=1-73,2025-08-21 11:15:00,Phones,25.0
"Fitbit Inspire 3 Health &-Fitness-Tracker with Stress Management, Workout Intensity, Sleep Tracking, 24/7 Heart Rate and more, Midnight Zen/Black One Size (S & L Bands Included)",4.3,20039.0,10000,79.95,99.95,Best Seller,Organic,No Coupon,Add to cart,2025-08-29,,https://m.media-amazon.com/images/I/51CtR+quteL._AC_UL320_.jpg,https://www.amazon.com/Fitbit-Management-Intensity-Tracking-Midnight/dp/B0B5F9SZW7/ref=sr_1_74?dib=eyJ2IjoiMSJ9.R5C5c127FAMdv1j0xqbs6pQ5u90xWfstqcsbRNCzQIb4GLIDNqBc9QICGz5G2hlK3Ei4xa8HM9MOiC50O99Ea9Tdm7L8BV5Au6cJ0jKmAwqyPSvx1TNiKmJrHm5K46m4RWUmHzORxPX0xqJDEaUlBv4ZuAZXPMtm4BYZTbNXBgQPPlcqbpxQ_uwbgfpZZG0wl-D4zEPfu2_vQ6smLwV2D5Huga-ancv_VerflS0cUKCqJaiAzhyhSBVdyedVp-mOthJTff1XghLSMKbjDoNwhPuKBTRIJJIJFjHMtTWpCFE.5MiUObWl1yD0ZNomdJloPRIABnFV2d46HgeYCCUygjY&dib_tag=se&qid=1755800098&refinements=p_n_g-101014971069111%3A119653281011&s=electronics&sr=1-74,2025-08-21 11:15:00,Wearables,20.01
"Texas Instruments TI-84 Plus Graphics Calculator, Black 320 x 240 pixels (2.8"" diagonal)",4.7,18748.0,10000,103.99,103.99,No Badge,Organic,No Coupon,Add to cart,2025-08-29,,https://m.media-amazon.com/images/I/61MAIW40dLL._AC_UL320_.jpg,https://www.amazon.com/Texas-Instruments-TI-84-Graphics-Calculator/dp/B0001EMM0G/ref=sr_1_75?dib=eyJ2IjoiMSJ9.R5C5c127FAMdv1j0xqbs6pQ5u90xWfstqcsbRNCzQIb4GLIDNqBc9QICGz5G2hlK3Ei4xa8HM9MOiC50O99Ea9Tdm7L8BV5Au6cJ0jKmAwqyPSvx1TNiKmJrHm5K46m4RWUmHzORxPX0xqJDEaUlBv4ZuAZXPMtm4BYZTbNXBgQPPlcqbpxQ_uwbgfpZZG0wl-D4zEPfu2_vQ6smLwV2D5Huga-ancv_VerflS0cUKCqJaiAzhyhSBVdyedVp-mOthJTff1XghLSMKbjDoNwhPuKBTRIJJIJFjHMtTWpCFE.5MiUObWl1yD0ZNomdJloPRIABnFV2d46HgeYCCUygjY&dib_tag=se&qid=1755800098&refinements=p_n_g-101014971069111%3A119653281011&s=electronics&sr=1-75,2025-08-21 11:15:00,Phones,0.0
"HP Original 952 Cyan, Magenta, Yellow / 952XL Black Ink Cartridges (4-Pack) | Works OfficeJet 8702 OfficeJet Pro 7700, 8210, 8700 Series | Eligible for Instant Ink | N9K28AN",4.6,2617.0,10000,166.62,166.62,No Badge,Organic,No Coupon,Add to cart,2025-08-29,,https://m.media-amazon.com/images/I/71j7xt3vCZL._AC_UL320_.jpg,https://www.amazon.com/952XL-Yield-Magenta-Yellow-Cartridges/dp/B0765MNPBL/ref=sr_1_76?dib=eyJ2IjoiMSJ9.R5C5c127FAMdv1j0xqbs6pQ5u90xWfstqcsbRNCzQIb4GLIDNqBc9QICGz5G2hlK3Ei4xa8HM9MOiC50O99Ea9Tdm7L8BV5Au6cJ0jKmAwqyPSvx1TNiKmJrHm5K46m4RWUmHzORxPX0xqJDEaUlBv4ZuAZXPMtm4BYZTbNXBgQPPlcqbpxQ_uwbgfpZZG0wl-D4zEPfu2_vQ6smLwV2D5Huga-ancv_VerflS0cUKCqJaiAzhyhSBVdyedVp-mOthJTff1XghLSMKbjDoNwhPuKBTRIJJIJFjHMtTWpCFE.5MiUObWl1yD0ZNomdJloPRIABnFV2d46HgeYCCUygjY&dib_tag=se&qid=1755800098&refinements=p_n_g-101014971069111%3A119653281011&s=electronics&sr=1-76,2025-08-21 11:15:00,Laptops,0.0
"HP 64 Black & Tri-Color Ink Cartridges for HP Printers (Combo Pack) | Works with Printer Series: Inspire 7950e; ENVY Photo 6200, 7100, 7800; Tango | Eligible for Instant Ink | X4D92AN",4.6,23765.0,20000,55.89,55.89,No Badge,Organic,No Coupon,,,Manufacturing practices,https://m.media-amazon.com/images/I/71jmYtdquJL._AC_UL320_.jpg,https://www.amazon.com/HP-Tri-Color-Original-Cartridges-N9J90AN/dp/B06ZY9LP74/ref=sr_1_77?dib=eyJ2IjoiMSJ9.R5C5c127FAMdv1j0xqbs6pQ5u90xWfstqcsbRNCzQIb4GLIDNqBc9QICGz5G2hlK3Ei4xa8HM9MOiC50O99Ea9Tdm7L8BV5Au6cJ0jKmAwqyPSvx1TNiKmJrHm5K46m4RWUmHzORxPX0xqJDEaUlBv4ZuAZXPMtm4BYZTbNXBgQPPlcqbpxQ_uwbgfpZZG0wl-D4zEPfu2_vQ6smLwV2D5Huga-ancv_VerflS0cUKCqJaiAzhyhSBVdyedVp-mOthJTff1XghLSMKbjDoNwhPuKBTRIJJIJFjHMtTWpCFE.5MiUObWl1yD0ZNomdJloPRIABnFV2d46HgeYCCUygjY&dib_tag=se&qid=1755800098&refinements=p_n_g-101014971069111%3A119653281011&s=electronics&sr=1-77,2025-08-21 11:15:00,Laptops,0.0
"Logitech H390 Gaming Headphones, Wired Headphones with Mic, USB Headset with Microphone for PC, Noise Cancelling Microphone for Video Meetings, Music, Gaming - Black",4.3,69082.0,10000,15.68,15.68,Best Seller,Organic,No Coupon,,,,https://m.media-amazon.com/images/I/6144+3nBNhL._AC_UL320_.jpg,https://www.amazon.com/Logitech-Headset-H390-Noise-Cancelling/dp/B000UXZQ42/ref=sr_1_78?dib=eyJ2IjoiMSJ9.R5C5c127FAMdv1j0xqbs6pQ5u90xWfstqcsbRNCzQIb4GLIDNqBc9QICGz5G2hlK3Ei4xa8HM9MOiC50O99Ea9Tdm7L8BV5Au6cJ0jKmAwqyPSvx1TNiKmJrHm5K46m4RWUmHzORxPX0xqJDEaUlBv4ZuAZXPMtm4BYZTbNXBgQPPlcqbpxQ_uwbgfpZZG0wl-D4zEPfu2_vQ6smLwV2D5Huga-ancv_VerflS0cUKCqJaiAzhyhSBVdyedVp-mOthJTff1XghLSMKbjDoNwhPuKBTRIJJIJFjHMtTWpCFE.5MiUObWl1yD0ZNomdJloPRIABnFV2d46HgeYCCUygjY&dib_tag=se&qid=1755800098&refinements=p_n_g-101014971069111%3A119653281011&s=electronics&sr=1-78,2025-08-21 11:15:00,Phones,0.0
"RCA 10.1"" WiFi Digital Picture Frame Uhale App Photo Frames Electronic HD IPS Touch Screen Display with 32GB Memory LED Lights, Support USB/SD Card, Slideshow, Instantly Share Photos Videos",4.0,5.0,,59.99,79.99,No Badge,Sponsored,No Coupon,,2025-09-01,,https://m.media-amazon.com/images/I/71yebnw2SUL._AC_UL320_.jpg,https://www.amazon.com/sspa/click?ie=UTF8&spc=MTo0NDAxNDYzMjM5NDUwMTgxOjE3NTU4MDAwOTg6c3BfYnRmX2Jyb3dzZTozMDA4MjcwMzcwNDQ1MDI6OjA6Og&url=%2FRCA-Digital-Electronic-Slideshow-Instantly%2Fdp%2FB0F24BQ3W5%2Fref%3Dsr_1_79_sspa%3Fdib%3DeyJ2IjoiMSJ9.R5C5c127FAMdv1j0xqbs6pQ5u90xWfstqcsbRNCzQIb4GLIDNqBc9QICGz5G2hlK3Ei4xa8HM9MOiC50O99Ea9Tdm7L8BV5Au6cJ0jKmAwqyPSvx1TNiKmJrHm5K46m4RWUmHzORxPX0xqJDEaUlBv4ZuAZXPMtm4BYZTbNXBgQPPlcqbpxQ_uwbgfpZZG0wl-D4zEPfu2_vQ6smLwV2D5Huga-ancv_VerflS0cUKCqJaiAzhyhSBVdyedVp-mOthJTff1XghLSMKbjDoNwhPuKBTRIJJIJFjHMtTWpCFE.5MiUObWl1yD0ZNomdJloPRIABnFV2d46HgeYCCUygjY%26dib_tag%3Dse%26qid%3D1755800098%26refinements%3Dp_n_g-101014971069111%253A119653281011%26s%3Delectronics%26sr%3D1-79-spons%26sp_csd%3Dd2lkZ2V0TmFtZT1zcF9idGZfYnJvd3Nl%26psc%3D1,2025-08-21 11:15:00,Storage,25.0
"Pyle Dash Cam, Rearview Mirror Monitor, Night Vision, 7.4” LCD Screen, Backup Camera, Slim Bar Design, Waterproof IP-69, G-Sensor, Audio Recording, 32GB Memory Slot, Universal Mount, Includes Cables",3.8,30.0,,139.99,139.99,No Badge,Sponsored,No Coupon,Add to cart,2025-09-08,,https://m.media-amazon.com/images/I/61NIPEjnc-L._AC_UL320_.jpg,https://www.amazon.com/sspa/click?ie=UTF8&spc=MTo0NDAxNDYzMjM5NDUwMTgxOjE3NTU4MDAwOTg6c3BfYnRmX2Jyb3dzZTozMDA4MDM2NTk0NjE5MDI6OjA6Og&url=%2FDash-Cam-Rearview-Mirror-Monitor%2Fdp%2FB07C9PBGVW%2Fref%3Dsr_1_80_sspa%3Fdib%3DeyJ2IjoiMSJ9.R5C5c127FAMdv1j0xqbs6pQ5u90xWfstqcsbRNCzQIb4GLIDNqBc9QICGz5G2hlK3Ei4xa8HM9MOiC50O99Ea9Tdm7L8BV5Au6cJ0jKmAwqyPSvx1TNiKmJrHm5K46m4RWUmHzORxPX0xqJDEaUlBv4ZuAZXPMtm4BYZTbNXBgQPPlcqbpxQ_uwbgfpZZG0wl-D4zEPfu2_vQ6smLwV2D5Huga-ancv_VerflS0cUKCqJaiAzhyhSBVdyedVp-mOthJTff1XghLSMKbjDoNwhPuKBTRIJJIJFjHMtTWpCFE.5MiUObWl1yD0ZNomdJloPRIABnFV2d46HgeYCCUygjY%26dib_tag%3Dse%26qid%3D1755800098%26refinements%3Dp_n_g-101014971069111%253A119653281011%26s%3Delectronics%26sr%3D1-80-spons%26sp_csd%3Dd2lkZ2V0TmFtZT1zcF9idGZfYnJvd3Nl%26psc%3D1,2025-08-21 11:15:00,Chargers & Cables,0.0
"myQ Smart Garage Security Camera – 1080p HD Video, Night Vision, Motion Detection, Magnetic, Wi-Fi, Two-Way Audio, Smartphone Control",4.2,5284.0,2000,29.22,49.99,No Badge,Sponsored,No Coupon,Add to cart,2025-08-29,,https://m.media-amazon.com/images/I/51Sx6UWyeOL._AC_UL320_.jpg,https://www.amazon.com/sspa/click?ie=UTF8&spc=MTo0NDAxNDYzMjM5NDUwMTgxOjE3NTU4MDAwOTg6c3BfYnRmX2Jyb3dzZTozMDA2MTkxNzExMzIwMDI6OjA6Og&url=%2FmyQ-Smart-Garage-Camera-Smartphone%2Fdp%2FB093Z8FPG6%2Fref%3Dsr_1_81_sspa%3Fdib%3DeyJ2IjoiMSJ9.R5C5c127FAMdv1j0xqbs6pQ5u90xWfstqcsbRNCzQIb4GLIDNqBc9QICGz5G2hlK3Ei4xa8HM9MOiC50O99Ea9Tdm7L8BV5Au6cJ0jKmAwqyPSvx1TNiKmJrHm5K46m4RWUmHzORxPX0xqJDEaUlBv4ZuAZXPMtm4BYZTbNXBgQPPlcqbpxQ_uwbgfpZZG0wl-D4zEPfu2_vQ6smLwV2D5Huga-ancv_VerflS0cUKCqJaiAzhyhSBVdyedVp-mOthJTff1XghLSMKbjDoNwhPuKBTRIJJIJFjHMtTWpCFE.5MiUObWl1yD0ZNomdJloPRIABnFV2d46HgeYCCUygjY%26dib_tag%3Dse%26qid%3D1755800098%26refinements%3Dp_n_g-101014971069111%253A119653281011%26s%3Delectronics%26sr%3D1-81-spons%26sp_csd%3Dd2lkZ2V0TmFtZT1zcF9idGZfYnJvd3Nl%26psc%3D1,2025-08-21 11:15:00,Phones,41.55
Amazon Basics 8-Sheet Cross Cut Paper Shredder and Credit Card Shredder - Black,4.4,64543.0,30000,30.58,33.99,Best Seller,Organic,No Coupon,Add to cart,2025-09-01,,https://m.media-amazon.com/images/I/719njn2SJ1L._AC_UL320_.jpg,https://www.amazon.com/Amazon-Basics-8-Sheet-Cross-Cut-Shredder/dp/B0C6LZ8S34/ref=sr_1_73?dib=eyJ2IjoiMSJ9.HG5j6WKk7G0TLt6OO1VrMfvGFHPgDrf73_An15Zk3Sx1IcxMZCEMekxpdPaPBOhp7KbYrYRQJyh-R0N20KojAN6cjT3uv2X5RcNMRtIfNF0hZVXSeqRPT46sHNmCGfHLVIz6yK-X-PWX9b-g72uOS_D9h92Io2nNKgzMYaOX7XLguW3DW7dBe-S3Jt6J1V7ps9beBiCFccFCVS6f3sQtYpQOzluKLrqJ37jDDRdMzaE_jju-dXVC1jNs46SKM4UYyanRyR_uusisiDk6Zu1u-On-hSvDh8lk1_6_UfRR4Ac.f1N_KPbxmbdKiOQtSG-9-JIgEMTnjEtjQqTfDE3t8cM&dib_tag=se&qid=1755800113&refinements=p_n_g-101014971069111%3A119653281011&s=electronics&sr=1-73,2025-08-21 11:15:15,Other Electronics,10.03
"Anker USB C Charger(Nano II 65W), PPS 3-Port Fast Compact Foldable Wall Charger for MacBook Pro/Air, iPad Pro, Galaxy S20, Dell XPS 13, Note 20/10+, iPhone 16/16 Pro, Steam Deck, and More",4.6,17279.0,10000,25.99,39.99,No Badge,Organic,No Coupon,Add to cart,2025-08-28,Carbon impact,https://m.media-amazon.com/images/I/5164giE9fFL._AC_UL320_.jpg,https://www.amazon.com/Anker-Charger-Compact-Foldable-MacBook/dp/B09C5RG6KV/ref=sr_1_74?dib=eyJ2IjoiMSJ9.HG5j6WKk7G0TLt6OO1VrMfvGFHPgDrf73_An15Zk3Sx1IcxMZCEMekxpdPaPBOhp7KbYrYRQJyh-R0N20KojAN6cjT3uv2X5RcNMRtIfNF0hZVXSeqRPT46sHNmCGfHLVIz6yK-X-PWX9b-g72uOS_D9h92Io2nNKgzMYaOX7XLguW3DW7dBe-S3Jt6J1V7ps9beBiCFccFCVS6f3sQtYpQOzluKLrqJ37jDDRdMzaE_jju-dXVC1jNs46SKM4UYyanRyR_uusisiDk6Zu1u-On-hSvDh8lk1_6_UfRR4Ac.f1N_KPbxmbdKiOQtSG-9-JIgEMTnjEtjQqTfDE3t8cM&dib_tag=se&qid=1755800113&refinements=p_n_g-101014971069111%3A119653281011&s=electronics&sr=1-74,2025-08-21 11:15:15,Laptops,35.01
"HP DeskJet 2855e Wireless All-in-One Color Inkjet Printer, Scanner, Copier, Best-for-home, 3 months of Instant Ink included, Single-band Wi-Fi connectivity (588S5A)",3.9,11214.0,20000,59.99,89.99,Best Seller,Organic,No Coupon,Add to cart,2025-09-01,Works with Alexa,https://m.media-amazon.com/images/I/61ecU+9lUqL._AC_UL320_.jpg,https://www.amazon.com/HP-DeskJet-Wireless-included-588S5A/dp/B0CT2R7199/ref=sr_1_75?dib=eyJ2IjoiMSJ9.HG5j6WKk7G0TLt6OO1VrMfvGFHPgDrf73_An15Zk3Sx1IcxMZCEMekxpdPaPBOhp7KbYrYRQJyh-R0N20KojAN6cjT3uv2X5RcNMRtIfNF0hZVXSeqRPT46sHNmCGfHLVIz6yK-X-PWX9b-g72uOS_D9h92Io2nNKgzMYaOX7XLguW3DW7dBe-S3Jt6J1V7ps9beBiCFccFCVS6f3sQtYpQOzluKLrqJ37jDDRdMzaE_jju-dXVC1jNs46SKM4UYyanRyR_uusisiDk6Zu1u-On-hSvDh8lk1_6_UfRR4Ac.f1N_KPbxmbdKiOQtSG-9-JIgEMTnjEtjQqTfDE3t8cM&dib_tag=se&qid=1755800113&refinements=p_n_g-101014971069111%3A119653281011&s=electronics&sr=1-75,2025-08-21 11:15:15,Laptops,33.34
"Sceptre New 27-inch Gaming Monitor 100Hz 1ms DisplayPort HDMI x2 100% sRGB AMD FreeSync Build-in Speakers, Eye Care Frameless Machine Black 2024 (E275W-FW100T)",4.4,7091.0,10000,97.97,119.97,Best Seller,Organic,No Coupon,Add to cart,2025-09-01,,https://m.media-amazon.com/images/I/71jdr9u9YhL._AC_UL320_.jpg,https://www.amazon.com/Sceptre-DisplayPort-FreeSync-Frameless-E275W-FW100T/dp/B0CHHSFMRL/ref=sr_1_76?dib=eyJ2IjoiMSJ9.HG5j6WKk7G0TLt6OO1VrMfvGFHPgDrf73_An15Zk3Sx1IcxMZCEMekxpdPaPBOhp7KbYrYRQJyh-R0N20KojAN6cjT3uv2X5RcNMRtIfNF0hZVXSeqRPT46sHNmCGfHLVIz6yK-X-PWX9b-g72uOS_D9h92Io2nNKgzMYaOX7XLguW3DW7dBe-S3Jt6J1V7ps9beBiCFccFCVS6f3sQtYpQOzluKLrqJ37jDDRdMzaE_jju-dXVC1jNs46SKM4UYyanRyR_uusisiDk6Zu1u-On-hSvDh8lk1_6_UfRR4Ac.f1N_KPbxmbdKiOQtSG-9-JIgEMTnjEtjQqTfDE3t8cM&dib_tag=se&qid=1755800113&refinements=p_n_g-101014971069111%3A119653281011&s=electronics&sr=1-76,2025-08-21 11:15:15,TV & Display,18.34
Roku Streaming Stick 4K - HDR & Dolby Vision Roku Streaming Device for TV with Voice Remote & Long-Range Wi-Fi - Free & Live TV,4.7,90262.0,10000,33.99,33.99,No Badge,Organic,No Coupon,,,Works with Alexa,https://m.media-amazon.com/images/I/81xr+BrYBwL._AC_UL320_.jpg,https://www.amazon.com/Roku-Streaming-Device-Vision-Controls/dp/B09BKCDXZC/ref=sr_1_77?dib=eyJ2IjoiMSJ9.HG5j6WKk7G0TLt6OO1VrMfvGFHPgDrf73_An15Zk3Sx1IcxMZCEMekxpdPaPBOhp7KbYrYRQJyh-R0N20KojAN6cjT3uv2X5RcNMRtIfNF0hZVXSeqRPT46sHNmCGfHLVIz6yK-X-PWX9b-g72uOS_D9h92Io2nNKgzMYaOX7XLguW3DW7dBe-S3Jt6J1V7ps9beBiCFccFCVS6f3sQtYpQOzluKLrqJ37jDDRdMzaE_jju-dXVC1jNs46SKM4UYyanRyR_uusisiDk6Zu1u-On-hSvDh8lk1_6_UfRR4Ac.f1N_KPbxmbdKiOQtSG-9-JIgEMTnjEtjQqTfDE3t8cM&dib_tag=se&qid=1755800113&refinements=p_n_g-101014971069111%3A119653281011&s=electronics&sr=1-77,2025-08-21 11:15:15,TV & Display,0.0
"HP 63 Black Ink Cartridge for HP Printers | Works with Printer Series: DeskJet 1112, 2130, 3630; ENVY 4510, 4520; OfficeJet 3830, 4650, 5200 | Eligible for Instant Ink | F6U62AN",4.7,94058.0,30000,30.99,35.64,No Badge,Organic,No Coupon,Add to cart,,Manufacturing practices,https://m.media-amazon.com/images/I/71PzqpCRdJL._AC_UL320_.jpg,https://www.amazon.com/HP-Cartridge-F6U62AN-Deskjet-Officejet/dp/B00WR23X5I/ref=sr_1_78?dib=eyJ2IjoiMSJ9.HG5j6WKk7G0TLt6OO1VrMfvGFHPgDrf73_An15Zk3Sx1IcxMZCEMekxpdPaPBOhp7KbYrYRQJyh-R0N20KojAN6cjT3uv2X5RcNMRtIfNF0hZVXSeqRPT46sHNmCGfHLVIz6yK-X-PWX9b-g72uOS_D9h92Io2nNKgzMYaOX7XLguW3DW7dBe-S3Jt6J1V7ps9beBiCFccFCVS6f3sQtYpQOzluKLrqJ37jDDRdMzaE_jju-dXVC1jNs46SKM4UYyanRyR_uusisiDk6Zu1u-On-hSvDh8lk1_6_UfRR4Ac.f1N_KPbxmbdKiOQtSG-9-JIgEMTnjEtjQqTfDE3t8cM&dib_tag=se&qid=1755800113&refinements=p_n_g-101014971069111%3A119653281011&s=electronics&sr=1-78,2025-08-21 11:15:15,Laptops,13.05
"Amazon Basics Full Motion Articulating TV Monitor Wall Mount for 26"" to 55"" TVs and Flat Panels up to 80 Lbs, Black",4.6,51663.0,10000,22.99,24.58,No Badge,Organic,No Coupon,Add to cart,2025-09-01,,https://m.media-amazon.com/images/I/71geD2eIksL._AC_UL320_.jpg,https://www.amazon.com/Amazon-Basics-Motion-Articulating-Mount/dp/B01KBEOL5E/ref=sr_1_79?dib=eyJ2IjoiMSJ9.HG5j6WKk7G0TLt6OO1VrMfvGFHPgDrf73_An15Zk3Sx1IcxMZCEMekxpdPaPBOhp7KbYrYRQJyh-R0N20KojAN6cjT3uv2X5RcNMRtIfNF0hZVXSeqRPT46sHNmCGfHLVIz6yK-X-PWX9b-g72uOS_D9h92Io2nNKgzMYaOX7XLguW3DW7dBe-S3Jt6J1V7ps9beBiCFccFCVS6f3sQtYpQOzluKLrqJ37jDDRdMzaE_jju-dXVC1jNs46SKM4UYyanRyR_uusisiDk6Zu1u-On-hSvDh8lk1_6_UfRR4Ac.f1N_KPbxmbdKiOQtSG-9-JIgEMTnjEtjQqTfDE3t8cM&dib_tag=se&qid=1755800113&refinements=p_n_g-101014971069111%3A119653281011&s=electronics&sr=1-79,2025-08-21 11:15:15,TV & Display,6.47
"Logitech C920x HD Pro Webcam, Full HD 1080p/30fps Video, Clear Audio, HD Light Correction, PC Camera Webcam, Works with Skype, Zoom, Facetime, PC, Laptop, Mac, Tablet - Black",4.6,20903.0,10000,59.99,69.99,No Badge,Organic,No Coupon,Add to cart,2025-09-01,Carbon impact,https://m.media-amazon.com/images/I/71YN85pLGcL._AC_UL320_.jpg,https://www.amazon.com/Logitech-C920x-Pro-HD-Webcam/dp/B085TFF7M1/ref=sr_1_80?dib=eyJ2IjoiMSJ9.HG5j6WKk7G0TLt6OO1VrMfvGFHPgDrf73_An15Zk3Sx1IcxMZCEMekxpdPaPBOhp7KbYrYRQJyh-R0N20KojAN6cjT3uv2X5RcNMRtIfNF0hZVXSeqRPT46sHNmCGfHLVIz6yK-X-PWX9b-g72uOS_D9h92Io2nNKgzMYaOX7XLguW3DW7dBe-S3Jt6J1V7ps9beBiCFccFCVS6f3sQtYpQOzluKLrqJ37jDDRdMzaE_jju-dXVC1jNs46SKM4UYyanRyR_uusisiDk6Zu1u-On-hSvDh8lk1_6_UfRR4Ac.f1N_KPbxmbdKiOQtSG-9-JIgEMTnjEtjQqTfDE3t8cM&dib_tag=se&qid=1755800113&refinements=p_n_g-101014971069111%3A119653281011&s=electronics&sr=1-80,2025-08-21 11:15:15,Laptops,14.29
"Canon PG-275 / CL-276 Genuine Ink Value Pack (2 Cartridges), Compatible with TS3520/3522/4722/3720/3722, TR4720",4.6,18811.0,20000,34.99,39.99,No Badge,Organic,No Coupon,Add to cart,2025-09-01,,https://m.media-amazon.com/images/I/816ne-0W7FL._AC_UL320_.jpg,https://www.amazon.com/Canon-PG-275-CL-276-Multi-Pack/dp/B08Y999HBF/ref=sr_1_81?dib=eyJ2IjoiMSJ9.HG5j6WKk7G0TLt6OO1VrMfvGFHPgDrf73_An15Zk3Sx1IcxMZCEMekxpdPaPBOhp7KbYrYRQJyh-R0N20KojAN6cjT3uv2X5RcNMRtIfNF0hZVXSeqRPT46sHNmCGfHLVIz6yK-X-PWX9b-g72uOS_D9h92Io2nNKgzMYaOX7XLguW3DW7dBe-S3Jt6J1V7ps9beBiCFccFCVS6f3sQtYpQOzluKLrqJ37jDDRdMzaE_jju-dXVC1jNs46SKM4UYyanRyR_uusisiDk6Zu1u-On-hSvDh8lk1_6_UfRR4Ac.f1N_KPbxmbdKiOQtSG-9-JIgEMTnjEtjQqTfDE3t8cM&dib_tag=se&qid=1755800113&refinements=p_n_g-101014971069111%3A119653281011&s=electronics&sr=1-81,2025-08-21 11:15:15,Cameras,12.5